Name,Sym,AtNum,Group,Period,DiscYr,DiscAgo,GroupNames,Family,CrysStruc,AtWeight,Shell 1,Shell 2,Shell 3,Shell 4,Shell 5,Shell 6,Shell 7,AbbElecConfig,ElecConfig,MostStable,2MostStable,3MostStable,4MostStable,MP.C,MP.K,BP.C,BP.K,Electroneg,ElecAff.kJpmol,IonRad.A,AtRad.A,AtVol.cm3pmol,IonEn.kJpmol,IonPot1.V,IonPot2.V,IonPot3.V,OxyState,Den.gpcm3at293.K,SpecHeat.JpgK,SpecHeatCap.JpkgpK,HeatofVap.kJpmol,HeatofFusion.kJpmol,ElecCond.106pcmohm,ThermCond.WpcmK,ModofElas.,CoefThermExp.Ktomin1,Crust.mgpkg,Seawater.mgpL,Humanmass.pcnt,LenName,Pronounced,Origin,Description,Discoverer,DiscoveryLocation,Sources,Uses
Hydrogen,H,1,1a,1,1766,252,Non-Metal,Hydrogen,Hexagonal,1.00794,1,0,0,0,0,0,0,1s1,1s1,1,,,,-255.34,13.81,-252.87,20.28,2.2,72.8,1.54 (+1) ,0.79,14.4,1312,13.5984 V,--,--,?1,0.00008988,14.304,0.17,0.44936,0.05868,--,0.001815,--,--,1.40E+03,1.08E+05,1.00E+01,8,HI-dreh-jen,Greek: hydro (water) and genes (generate),"Tasteless, colorless, odorless gas. The most abundant element in the universe. Tenth most abundant element in the earth's crust.",Henry Cavendish,England,Commercial quantities are produced by reacting superheated steam with methane or carbon. In lab work from reaction of metals with acid solutions or electrolysis.,Most hydrogen is used in the production of ammonia. Also used in balloons and in metal refining. Also used as fuel in rockets. Its two heavier isotopes are: deuterium (D) and tritium (T) used respectively for nuclear fission and fusion.
Helium,He,2,8a,1,1868,150,Noble Gas,Noble gas,Hexagonal,4.002602,2,0,0,0,0,0,0,1s2,1s2,0,,,,-272.2,0.95,-268.934,4.216,0,-21,--,0.49,19.5,"2,372.30",24.5874 V,54.416 V,--,0,0.0001787,5.193,0.13,0.0845,--,--,0.00152,--,--,8.00E-03,7.00E-16,,6,HEE-li-em,Greek: h?lios (sun).,"Light, odorless, colorless, tasteless inert gas. Second most abundant element in the universe. Sixth most abundant in the earth's atmosphere.","Sir William Ramsey, Nils Langet, P.T.Cleve",Scotland/Sweden,Found in natural gas deposits & in the air (5 parts per billion) Constantly lost to space; replenished by radioactive decay (alpha particles).,"Used in balloons, deep sea diving & welding. Also used in very low temperature research."
Lithium,Li,3,1a,2,1817,201,Alkali Metal,Alkali Metal,Cubic: Body centered,6.941,2,1,0,0,0,0,0, [He] 2s1, 1s2 2s1,1,,,,180.54,453.7,1342,1615,0.98,59.8,.76 (+1) ,2.05,13.1,520,5.3917 V,76.638 V,122.451 V,1,0.53,3.6,71.19,145.92,3,0.108,0.847,10 10? ,46 10^-6 ,2.00E+01,1.80E-01,,7,LITH-i-em,Greek: lithos (stone).,Soft silvery-white metal. Lightest of metals. Accounts for only 0.0007% of the earth's crust.,Johann Arfwedson,Sweden,Obtained by passing electric charge through melted lithium chloride and from the silicate mineral called spodumene [LiAl(Si2O6)].,Used in batteries. Also for certain kinds of glass and ceramics.  Some is used in lubricants.
Beryllium,Be,4,2a,2,1798,220,Alkali Earth Metal,Alkaline Earth,Hexagonal,9.012182,2,2,0,0,0,0,0, [He] 2s2, 1s2 2s2,2,,,,1287,1560,2472,3243,1.57,-240,.45 (+2) ,1.4,5,899.4,9.3226 V,18.211 V,153.893 V,2,1.848,1.82,159.13,292.4,12.2,0.313,2,301 10? ,11.3 10^-6 ,2.80E+00,5.60E-06,,9,beh-RIL-i-em,"Greek: beryllos, ""beryl"" (a mineral).","Hard, brittle, steel-gray metal. Lightest rigid metal. Formerly called glucinium (Gl) for its sweet but deadly taste.","Fredrich W?hler, A.A.Bussy",Germany/France,Found mostly in minerals like beryl [AlBe3(Si6O18)] and chrysoberyl (Al2BeO4). Pure beryllium is obtained by chemically reducing beryl mineral. Also by electrolysis of beryllium chloride.,"Its ability to absorb large amounts of heat makes it useful in spacecraft, missiles, aircraft, etc. Emeralds are beryl crystals with chromium traces giving them their green color."
Boron,B,5,3a,2,1808,210,Non-Metal,Boron,Rhombohedral,10.811,2,3,0,0,0,0,0, [He] 2s2 2p1, 1s2 2s2 2p1,3,,,,2079,2365,4000,4275,2.04,27,.23 (+3) ,1.17,4.6,800.6,8.2980 V,25.154 V,37.93 V,3,2.34,1.02,,489.7,50.2,1.00E-12,0.27,441 10? ,4.7 10^-6 ,1.00E+01,4.44E+00,7.00E-05,5,BO-ron,From Arabic and Persian words for borax.,"Hard, brittle, lustrous black semimetal. Exists in the earth's crust at an average proportion of about 10 parts per million.","Sir H. Davy, J.L. Gay-Lussac, L.J. Th?nard",England/France,"Obtained from kernite, a kind of borax (Na2B4O7.10H2O). High purity boron is produced by electrolysis of molten potassium fluroborate and potassium chloride (KCl).",Used with titanium & tungsten to make heat resistant alloys for jets & rockets.
Carbon,C,6,4a,2,0,*,Non-Metal,Carbon,Hexagonal,12.011,2,4,0,0,0,0,0, [He] 2s2 2p2, 1s2 2s2 2p2,4,2,,,3825,3825,4827,5100,2.55,122.3,.16 (+4) ,0.91,4.58,1086.4,11.2603 V,24.383 V,47.887 V," (?4),2",2.62,0.71,23.87,355.8,--,0.00061,1.29,7 10? ,1.0 10^-6 ,2.00E+02,2.80E+01,2.30E+01,6,KAR-ben,"Latin: carbo, (charcoal).",Allotropic forms include diamonds and graphite. Sixth most abundant element in the universe.,Known to the ancients,Unknown,Made by burning organic compounds with insufficient oxygen.,"For making steel, in filters, and many more uses. Radiocarbon dating uses the carbon-14 isotope to date old objects."
Nitrogen,N,7,5a,2,1772,246,Non-Metal,Pnictide,Hexagonal,14.00674,2,5,0,0,0,0,0, [He] 2s2 2p3, 1s2 2s2 2p3,3,5,4,2,-209.86,63.15,-195.8,77.344,3.04,-7,1.71 (-3) ,0.75,17.3,"1,402.30",14.5341 V,29.601 V,47.448 V," (?3),5,4,?2,?1",0.0012506,1.04,0.03,2.7928,0.3604,--,0.0002598,--,240 10^-6 ,1.90E+01,5.00E+01,2.60E+00,8,NYE-treh-gen,"Greek: nitron and genes, (soda forming).","Colorless, odorless, tasteless, generally inert gas. Fifth most abundant element in the universe. Makes up about 78% of earth's atmosphere.",Daniel Rutherford,Scotland,Obtained from liquid air by fractional distillation.,"Primarily to produce ammonia and other fertilizers. Also used in making nitric acid, which is used in explosives. Also used in welding and enhanced oil recovery."
Oxygen,O,8,6a,2,1774,244,Non-Metal,Chalcogen,Cubic,15.9994,2,6,0,0,0,0,0, [He] 2s2 2p4, 1s2 2s2 2p4,2,,,,-218.4,54.8,-182.962,90.188,3.44,141.1,1.40 (-2) ,0.65,14,1313.9,13.6181 V,35.117 V,54.934 V,-2,0.001429,0.92,0.03,3.4099,0.22259,--,0.0002674,--,780 10^-6 ,4.61E+05,8.57E+05,6.10E+01,6,OK-si-jen,"Greek: oxys and genes, (acid former).","Colorless, odorless, tasteless gas; pale blue liquid. Third most abundant element in the universe. It is the most abundant element in the earth's crust, and makes up almost 21% of the atmosphere.","Joseph Priestly, Carl Wilhelm Scheele",England/Sweden,Obtained primarily from liquid air by fractional distillation. Small amounts are made in the laboratory by electrolysis of water or heating potassium chlorate (KClO3) with manganese dioxide (MnO2) catalyst.,"Used in steel making, welding, and supporting life. Naturally occuring ozone (O3) in the upper atmosphere shields the earth from ultraviolet radiation."
Fluorine,F,9,7a,2,1866,152,Halogen,Halogen,Cubic,18.9984032,2,7,0,0,0,0,0, [He] 2s2 2p5, 1s2 2s2 2p5,1,,,,-219.62,53.55,-188.14,85,3.98,328,1.33 (-1) ,0.57,12.6,"1,681.00",17.4228 V,34.97 V,62.707 V,-1,0.001696,0.82,,3.2698,0.2552,--,0.000279,--,1800 10^-6 ,5.85E+02,1.30E+00,3.30E-03,8,FLU-eh-reen,Latin: fluere (flow).,"Greenish-yellow, pungent, corrosive gas. Extremely reactive. Does not occur uncombined in nature.",Henri Moissan,France,Found in the minerals fluorite (CaF2) and cryolite(Na3AlF6). Electrolysis of hydrofluoric acid (HF) or potassium acid fluoride (KHF2) is the only practical method of commercial production.,Used in refrigerants and other fluorocarbons. Also in toothpaste as sodium fluoride (NaF) and stannous fluoride (SnF2); also in Teflon.
Neon,Ne,10,8a,2,1898,120,Noble Gas,Noble gas,Cubic: Face centered,20.1797,2,8,0,0,0,0,0, [He] 2s2 2p6, 1s2 2s2 2p6,0,,,,-248.67,24.55,-246.048,27.1,0,-29,--,0.51,17.3,"2,080.60",21.5645 V,40.962 V,63.45 V,0,0.0008999,0.904,0.04,1.7326,0.3317,--,0.000493,--,1900 10^-6 ,5.00E-03,1.20E-04,,4,NEE-on,Greek: neos (new).,"Colorless, odorless, tasteless inert gas. Fourth most abundant element in the universe and fifth most abundant in the earth's atmosphere (18.18 ppm).","Sir William Ramsey, M.W. Travers",England,Obtained from production of liquid air as a byproduct of producing liquid oxygen and nitrogen.,Primarily for lighting.
Sodium,Na,11,1a,3,1807,211,Alkali Metal,Alkali Metal,Cubic: Body centered,22.989768,2,8,1,0,0,0,0, [Ne] 3s1,  1s2 2s2 2p6 3s1,1,,,,97.81,371,882.9,1156,0.93,52.7,1.02 (+1) ,2.23,23.7,495.8,5.1391 V,47.286 V,71.641 V,1,0.971,1.23,134,96.96,2.598,0.21,1.41,5 10? ,71 10^-6 ,2.36E-04,1.08E+04,1.40E-01,6,SO-di-em,"Medieval Latin: sodanum, (headache remedy); symbol from Latin natrium, (sodium carbonate).",Soft silvery-white metal. Sixth most abundant element in the earth's crust. Burns in air with a brilliant white flame.,Sir Humphrey Davy,England,"Obtained by electrolysis of melted sodium chloride (salt), borax and cryolite.","There are few uses for the pure metal, however its compounds are used in medicine, agriculture and photography. Sodium chloride (NaCl) is table salt. Liquid sodium is sometimes used to cool nuclear reactors."
Magnesium,Mg,12,2a,3,1808,210,Alkali Earth Metal,Alkaline Earth,Hexagonal,24.305,2,8,2,0,0,0,0, [Ne] 3s2,  1s2 2s2 2p6 3s2,2,,,,648.8,922,1090,1380,1.31,-230,.72 (+2) ,1.72,13.97,737.7,7.6462 V,15.035 V,80.143 V,2,1.738,1.02,159.13,127.4,8.954,0.226,1.56,44.4 10? ,24.8 10^-6 ,2.33E+04,1.29E+03,2.70E-02,9,mag-NEE-zih-em,"From Magnesia ancient city in district of Thessaly, Greece.","Lightweight, malleable, silvery-white metal. Eighth most abundant element in the universe. Seventh most abundant element in the earth's crust.",Sir Humphrey Davy,England,Usually obtained by electrolysis of melted magnesium chloride (MgCl2) found in sea water. Each cubic mile of seawater contains about 12 billion pounds of magnesium.,"Used in alloys to make airplanes, missiles and other uses for light metals. Has structural properties similar to aluminium. But since it is flammable at temperatures of burning gasoline, its uses are limited."
Aluminum,Al,13,3a,3,1825,193,Metal,Boron,Cubic: Face centered,26.981539,2,8,3,0,0,0,0, [Ne] 3s2 3p1,  1s2 2s2 2p6 3s2 3p1,3,,,,660.37,933.5,2519,2740,1.5,45,.54 (+3) ,1.82,10,577.6,5.9858 V,18.828 V,28.447 V,3,2.702,0.9,209.38,293.4,10.79,0.377,2.37,70.5 10? ,23.1 10^-6 ,8.23E+04,2.00E-03,9.00E-05,8,ah-LOO-men-em,"Latin: alumen, aluminis, (alum).","Soft, lightweight, silvery-white metal. Third most abundant element in the earth's crust.",Hans Christian Oersted,Denmark,Never occurs in free form. Obtained by electrolysis from bauxite (Al2O3).,"Used for many purposes from airplanes to beverage cans. Too soft in its pure form so less than 1% of silicon or iron is added, which hardens and strengthens it."
Silicon,Si,14,4a,3,1824,194,Non-Metal,Carbon,Cubic: Face centered,28.0855,2,8,4,0,0,0,0, [Ne] 3s2 3p2,  1s2 2s2 2p6 3s2 3p2,4,2,,,1410,1683,3265,2630,1.8,133.6,.26 (+4) ,1.46,12.1,786.4,8.1517 V,16.345 V,33.492 V,"2,(4),-4",2.33,0.71,83.75,384.22,50.55,2.52E-12,1.48,162 10? ,2.6 10^-6 ,2.82E+05,2.20E+00,2.60E-02,7,SIL-i-ken,"Latin: silex, silicus, (flint).",Amorphous form is brown power; crystalline form has gray metallic appearance. Seventh most abundant element in the universe. Second most plentiful element in the earths crust.,J?ns Berzelius,Sweden,"Makes up major portion of clay, granite, quartz (SiO2), and sand. Commercial production depends on a reaction between sand (SiO2) and carbon at a temperature of around 2200 .",Used in glass as silicon dioxide (SiO2). Silicon carbide (SiC) is one of the hardest substances known and used in polishing. Also the crystalline form is used in semiconductors.
Phosphorus,P,15,5a,3,1669,349,Non-Metal,Pnictide,Monoclinic,30.973762,2,8,5,0,0,0,0, [Ne] 3s2 3p3,  1s2 2s2 2p6 3s2 3p3,5,5,4,,44.1,317.3,277,553,2.19,71.7,.17 (+5) ,1.23,17,1011.7,10.4867 V,19.725 V,30.18 V,"?3,(5),7",1.82,0.77,,12.129,0.657,1.00E-17,0.00235,5 10? ,127 10^-6 ,1.05E+03,6.00E-02,1.10E+00,10,FOS-fer-es,"Greek: phosphoros, (bringer of light).","Soft white waxy phosphorescent solid, brownish-red powder or black solid.",Hennig Brand,Germany,"Found most often in phosphate rock. Pure phosphorus is obtained by heating a mixture of phosphate rock, coke, and silica to about 1450 .","Used in the production of fertilizers and detergents. Some is used in fireworks, safety matches, and incendiary weapons. Also some applications for it and some of its compounds which glow in the dark."
Sulfur,S,16,6a,3,0,*,Non-Metal,Chalcogen,Orthorhombic,32.066,2,8,6,0,0,0,0, [Ne] 3s2 3p4,  1s2 2s2 2p6 3s2 3p4,6,4,6,,115.21,392.2,444.6,717.82,2.58,200.42,.29 (+6) ,1.09,15.5,999.58,10.3600 V,23.33 V,34.83 V,"?2,4,(6)",2.07,0.71,0.29,--,1.7175,5.00E-24,0.00269,19 10? ,70 10^-6 ,3.50E+02,9.05E+02,2.00E-01,6,SUL-fer,Latin: sulphur (brimstone).,"Tasteless, odorless, pale yellow, brittle solid. Tenth most abundant element in the universe.",Known to the ancients.,Unknown,"Found in pure form and in ores like cinnabar, galena, sphalerite and stibnite. Pure form is obtained from undergound deposits by the Frasch process.","Used in matches, gunpowder, medicines, rubber and pesticides, dyes and insecticides. Also for making sulfuric acid (H2SO4)."
Chlorine,Cl,17,7a,3,1774,244,Halogen,Halogen,Orthorhombic,35.4527,2,8,7,0,0,0,0, [Ne] 3s2 3p5,  1s2 2s2 2p6 3s2 3p5,1,3,5,7,-100.98,172.17,-34.6,239.18,3.16,348.8,1.81 (-1) ,0.97,16.9,1251.1,12.9676 V,23.81 V,39.611 V," (?1),3,5,7",0.003214,0.48,0.01,10.2,3.203,--,0.000089,--,--,1.45E+02,1.94E+04,1.20E-01,8,KLOR-een,Greek: chl?ros (greenish yellow).,"Greenish-yellow, disagreeable gas. Never found in free form in nature.",Carl Wilhelm Scheele,Sweden,"Salt (sodium chloride, NaCl) is its most common compound. Commercial quantities are produced by electrolysis of aqueous sodium chloride (seawater or brine from salt mines).","Used in water purification, bleaches, acids and many, many other compounds such as chlorofluorocarbons (CFC)."
Argon,Ar,18,8a,3,1894,124,Noble Gas,Noble gas,Cubic: Face centered,39.948,2,8,8,0,0,0,0, [Ne] 3s2 3p6,  1s2 2s2 2p6 3s2 3p6,0,,,,-189.2,83.95,-185.7,87.45,0,-35,--,0.88,23.9,1520.5,15.7596 V,27.629 V,40.74 V,0,0.0017824,0.52,0.02,6.447,1.188,--,0.0001772,3 10? ,618 10^-6 ,3.50E+00,4.50E-01,,5,AR-gon,Greek: argos (inactive).,"Colorless, odorless, tasteless noble gas. It is the third most abundant element in the earth's atmosphere and makes up about 1%.","Sir William Ramsey, Baron Rayleigh",Scotland,Continuously released into the air by decay of radioactive potassium-40. Pure form is obtained from fractional distillation of liquid air.,Used in lighting products. It is often used in filling incandescent light bulbs. Some is mixed with krypton in fluorescent lamps. Crystals in the semiconductor industry are grown in argon atmospheres.
Potassium,K,19,1a,4,1807,211,Alkali Metal,Alkali Metal,Cubic: Body centered,39.0983,2,8,8,1,0,0,0, [Ar] 4s1,   1s2 2s2 2p6 3s2 3p6 4s1,1,,,,63.25,336.8,759.9,1033,0.82,48.36,1.51 (+1) ,2.77,45.46,418.8,4.3407 V,31.625 V,45.72 V,1,0.862,0.75,96.31,79.87,2.334,0.139,1.024,2.4 10? ,82 10^-6 ,2.09E+04,3.99E+02,2.00E-01,9,pe-TASS-i-em,"English: pot ash; symbol from Latin: kalium, (alkali).","Soft, waxy, silver-white metal. Eighth most abundant element in the earth's crust (20,900 ppm). Occurs only in compounds.",Sir Humphrey Davy,England,"Found in minerals like carnallite [(KMgCl3).6H2O] & sylvite (potassium chloride, KCL). Pure metal is produced by the reaction of hot potassium chloride and sodium vapors in a special retort.","Used as potash in making glass & soap. Also as saltpeter, potassium nitrate (KNO3) to make explosives and to color fireworks in mauve. Formerly called kalium (K). Vital to function of nerve and muscle tissures."
Calcium,Ca,20,2a,4,1808,210,Alkali Earth Metal,Alkaline Earth,Cubic: Face centered,40.078,2,8,8,2,0,0,0, [Ar] 4s2,   1s2 2s2 2p6 3s2 3p6 4s2,2,,,,839,1112,1484,1757,1,-156,1.00 (+2) ,2.23,25.9,589.8,6.1132 V,11.871 V,50.908 V,2,1.55,0.63,125.63,153.6,8.54,0.298,2,21 10? ,22.3 10^-6 ,4.15E+04,4.12E+02,1.40E+00,7,KAL-si-em,"Latin: calx, calcis (lime).","Fairly hard, silvery-white metal. Fifth most abundant element in the earth's crust (41,500 ppm). Occurs only in compounds.",Sir Humphrey Davy,England,"Obtained from minerals like chalk, limestone & marble. Pure metal is produced by replacing the calcium in lime (calcium carbonate, CaCO3) with aluminium in hot, low pressure retorts.","Used by many forms of life to make shells and bones. Virtually no use for the pure metal, however two of its compounds are, lime (CaO) and gypsum (CaSO4), are in great demand by a number of industries."
Scandium,Sc,21,3b,4,1870,148,Transition Metal,Transition Metal,Hexagonal,44.95591,2,8,9,2,0,0,0, [Ar] 3d1 4s2,   1s2 2s2 2p6 3s2 3p6 3d1 4s2,3,,,,1541,1814,2830,3109,1.36,,.75 (+3) ,2.09,15,631,6.5614 V,12.80 V,24.76 V,3,3,0.6,6.28,314.2,14.1,0.0177,0.158,80 10? ,10.0 10^-6 ,2.20E+01,6.00E-07,,8,SKAN-di-em,"Latin: Scandia, Scandinavia.","Fairly soft, silvery-white metal. Eighth most abundant 'rare earth' found in the earth's crust (5.0 ppm).",Lars Nilson,Sweden,Occurs mainly in the minerals thortveitile (~34% scandium) and wiikite. Also in some tin and tungsten ores. Pure scandium is obtained as a by-product of uranium refining.,Scandium metal is used in some aerospace applications. Scandum oxide (Sc2O3) is used in the manufacture of high-intensity electric lamps. Scandium iodide (ScI3) is used in lamps that produce light having a color closely matching natural sunlight.
Titanium,Ti,22,4b,4,1791,227,Transition Metal,Transition Metal,Hexagonal,47.88,2,8,10,2,0,0,0, [Ar] 3d2 4s2,   1s2 2s2 2p6 3s2 3p6 3d2 4s2,4,3,,,1668,1935,3287,3560,1.54,20,.61 (+4) ,2,10.64,658,6.8282 V,13.58 V,27.491 V," (4),3,2",4.5,0.52,,421,15.45,0.0234,0.219,110 10? ,8.6 10^-6 ,5.65E+03,1.00E-03,,8,tie-TAY-ni-em,Greek: titanos (Titans).,"Shiny, dark-gray metal. Ninth most abundant element in the earth's crust (5700 ppm). It can be highly polished, and is relatively immune to tarnishing.",William Gregor,England,"Usually occurs in the minerals ilmenite (FeTiO3) or rutile (TiO2). Also in Titaniferous magnetite, titanite (CaTiSiO5), and iron ores. Pure metal produced by heating TiO2 with C and Cl2  to produce TiCl4 then heated with Mg gas in Ar atmosphere.","Since it is strong and resists acids it is used in many alloys. Titanium dioxide (TiO2), a white pigment that covers surfaces very well, is used in paint, rubber, paper and many others."
Vanadium,V,23,5b,4,1830,188,Transition Metal,Transition Metal,Cubic: Body centered,50.9415,2,8,11,2,0,0,0, [Ar] 3d3 4s2,   1s2 2s2 2p6 3s2 3p6 3d3 4s2,5,4,3,2,1890,2163,3407,3650,1.63,50,.54 (+5) ,1.92,8.78,650,6.7463 V,14.65 V,29.31 V," (5),4,3,2",5.8,0.49,,0.452,20.9,0.0489,0.307,129 10? ,8.4 10^-6 ,1.20E+02,2.50E-03,,8,veh-NAY-di-em,"From Scandinavian goddess, Vanadis.","Soft, ductile, silvery-white metal. Resistant to corrosion by moisture, air and most acids and alkalis at room temperature.",Nils Sefstr?m,Sweden,"Found in the minerals patronite (VS4), vanadinite [Pb5(VO4)3Cl], and carnotite [K2(UO2)2(VO4)2.3H2O]. Pure metal produced by heating with C and Cl to produce VCl3 which is heated  with Mg in Ar atmosphere.","It is mixed with other metals to make very strong and durable alloys. Vanadium pentoxide (V2O5) is used as a catalyst, dye and color-fixer."
Chromium,Cr,24,6b,4,1797,221,Transition Metal,Transition Metal,Cubic: Body centered,51.9961,2,8,13,1,0,0,0, [Ar] 3d5 4s1,   1s2 2s2 2p6 3s2 3p6 3d5 4s1,3,6,2,,1857,2130,2672,2945,1.66,64,.62 (+3) ,1.85,7.23,652.8,6.7666 V,16.50 V,30.96 V,"6,(3),2",7.19,0.45,67,344.3,16.9,0.0774,0.937,259 10? ,4.9 10^-6 ,1.02E+02,3.00E-04,3.00E-06,8,KROH-mi-em,Greek: chr?ma (color).,"Very hard, crystalline, steel-gray metal. The pure metal has a blue-white color. It is hard, brittle and corrsion-resistant at normal temperatures.",Louis Vauquelin,France,"Chromite [Fe,Mg(CrO4)] is its most important mineral. Produced commercially by heating its ore in the presence of silicon or aluminium.",Used to make stainless steel. It gives the color to rubies and emeralds. Iron-nickel-chromium alloys in various percentages yield an incredible variety of the most important metals in modern technology.
Manganese,Mn,25,7b,4,1774,244,Transition Metal,Transition Metal,Cubic: Body centered,54.93805,2,8,13,2,0,0,0, [Ar] 3d5 4s2,   1s2 2s2 2p6 3s2 3p6 3d5 4s2,4,2,7,6,1244,1518,2061,2235,1.55,,.67 (+2) ,1.79,7.39,717.4,7.4340 V,15.64 V,33.667 V,"7,6,4,(2),3",7.43,0.48,,226,12.05,0.00695,0.0782,198 10? ,21.7 10^-6 ,9.50E+02,2.00E-04,2.00E-05,9,MAN-ge-nees,Latin: magnes (magnet); Italian: manganese.,"Hard, brittle, gray-white metal with a pinkish tinge. Rusts like iron in moist air.",Johann Gahn,Sweden,"Most abundant ores are pyrolusite (MnO2), psilomelane [(Ba,H2O)2Mn5O10] and rhodochrosite (MnCO3). Pure metal produced by mixing MnO2 with powered Al and ignited in a furnace.","Used in steel, batteries and ceramics. The steel in railroad tracks can contain as much as 1.2% manganese. It is crucial to the effectiveness of vitamin B1."
Iron,Fe,26,8b,4,0,*,Transition Metal,Transition Metal,Cubic: Body centered,55.847,2,8,14,2,0,0,0, [Ar] 3d6 4s2,   1s2 2s2 2p6 3s2 3p6 3d6 4s2,3,3,,,1535,1808,2861,3023,1.83,24,.55 (+3) ,1.72,7.1,759.3,7.9024 V,16.18 V,30.651 V,"2,(3)",7.86,0.44,75.38,349.6,13.8,0.0993,0.802,211 10? ,11.8 10^-6 ,5.63E+04,2.00E-03,6.00E-03,4,EYE-ern,Anglo-Saxon: iron; symbol from Latin: ferrum (iron).,"Malleable, ductile, silvery-white metal. Fourth most abundant element in the earth's crust (56,300 ppm). Ninth most abundant element in the universe.",Known to the ancients.,Unknown,"Obtained from iron ores. Pure metal produced in blast furnaces by layering limestone, coke and iron ore and forcing hot gasses into the bottom.  This heats the coke red hot and the iron is reduced from its oxides and liquified where it flows to the bottom",Used in steel and other alloys. Essential for humans. It is the chief constituent of hemoglobin which carries oxygen in blood vessels. Its oxides are used in magnetic tapes and disks.
Cobalt,Co,27,8b,4,1735,283,Transition Metal,Transition Metal,Hexagonal,58.9332,2,8,15,2,0,0,0, [Ar] 3d7 4s2,   1s2 2s2 2p6 3s2 3p6 3d7 4s2,2,3,,,1495,1768,2927,3143,1.88,70,.65 (+2) ,1.67,6.7,758,7.8810 V,17.06 V,33.50 V," (2),3",8.9,0.42,67,376.5,16.19,0.172,1,208 10? ,13 10^-6 ,2.50E+01,2.00E-05,2.00E-06,6,KO-bolt,German: kobold (goblin).,"Hard, ductile, lustrous bluish-gray metal. Exists in the earth's curst in cocentrations of about 25 ppm. It has remarkable magnetic properties.",George Brandt,Sweden,"Occurs in compounds with arsenic, oxygen and sulfur as in cobaltine (CoAsS) and linneite (Co3S4). Pure cobalt is obtained as a byproduct of refining nickel, copper and iron.","Used in many hard alloys; for magnets, ceramics and special glasses. Remains hard up to 982. Radioactive cobalt-60 is used in cancer therapy."
Nickel,Ni,28,8b,4,1751,267,Transition Metal,Transition Metal,Cubic: Face centered,58.6934,2,8,16,2,0,0,0, [Ar] 3d8 4s2,   1s2 2s2 2p6 3s2 3p6 3d8 4s2,2,3,,,1453,1726,2913,3005,1.91,111,.69 (+2) ,1.62,6.59,736.7,7.6398 V,18.168 V,35.17 V," (2),3",8.9,0.44,92.13,370.4,17.47,0.143,0.907,208 10? ,13.4 10^-6 ,8.40E+01,5.60E-14,1.00E-05,6,NIK-l,German: kupfernickel (false copper).,"Hard, malleable, silvery-white metal. Found in the earth's crust in portions averaging 70 ppm. It can be polished to a lustrous finish. Virtually no corrosion under normal conditions.",Axel Cronstedt,Sweden,"Chiefly found in pentlandite [(Ni,Fe)9S8] ore. The metal is produced by heating the ore in a blast furnace which replaces the sulfur with oxygen. The oxides are then treated with an acid that reacts with the iron not the nickel.",Used in electroplating and metal alloys because of its resistance to corrosion. Also in nickel-cadmium batteries; as a catalyst and for coins.
Copper,Cu,29,1b,4,0,*,Transition Metal,Transition Metal,Cubic: Face centered,63.546,2,8,18,1,0,0,0, [Ar] 3d10 4s1,   1s2 2s2 2p6 3s2 3p6 3d10 4s1,2,1,,,1083,1356.6,2567,2840,1.9,118.3,.73 (+2) ,1.57,7.1,745.4,7.7264 V,20.292 V,36.83 V," (2),1",8.96,0.38,393.63,300.3,13.05,0.596,4.01,124 10? ,16.5 10^-6 ,6.00E+01,2.50E-14,1.00E-04,6,KOP-er,Symbol from Latin: cuprum (island of Cyprus famed for its copper mines).,"Malleable, ductile, reddish-brown metal.",Known to the ancients.,Unknown,"Pure copper occurs rarely in nature. Usually found in sulfides as in chalcopyrite (CuFeS2), coveline (CuS), chalcosine (Cu2S) or oxides like cuprite (Cu2O).",Most often used as an electrical conductor. Also used in the manufacture of water pipes. Its alloys are used in jewelry and for coins.
Zinc,Zn,30,2b,4,1250,768,Metal,Transition Metal,Hexagonal,65.39,2,8,18,2,0,0,0, [Ar] 3d10 4s2,   1s2 2s2 2p6 3s2 3p6 3d10 4s2,2,,,,419.58,692.73,907,1180,1.65,,.74 (+2) ,1.53,9.2,906.4,9.3941 V,17.964 V,39.722 V,2,7.14,0.39,113.07,115.3,7.322,0.166,1.16,95 10? ,30.2 10^-6 ,7.00E+01,4.90E-03,3.30E-03,4,ZINK,German: zink (German for tin).,"Bluish-silver, ductile metal.",Known to the ancients.,Germany,"Found in the minerals zinc blende (sphalerite) (ZnS), calamine, franklinite, smithsonite (ZnCO3), willemite, and zincite (ZnO).","Used to coat other metal (galvanizing) to protect them from rusting. Also used in alloys such as brass, bronze, nickel. Also in solder, cosmetics and pigments."
Gallium,Ga,31,3a,4,1875,143,Metal,Boron,Orthorhombic,69.723,2,8,18,3,0,0,0, [Ar] 3d10 4s2 4p1,   1s2 2s2 2p6 3s2 3p6 3d10 4s2 4p1,3,,,,29.78,302.92,2204,2478,1.81,29,.62 (+3) ,1.81,11.8,578.8,5.9993 V,20.51 V,30.71 V,3,5.907,0.37,,258.7,5.59,0.0678,0.406,11 10? ,19.7 10^-6 ,1.90E+01,3.00E-05,,7,GAL-i-em,Latin: Gallia (France).,"Soft, blue-white metal.",Paul ?mile Lecoq de Boisbaudran,France,"Found throughout the crust in minerals like bauxite, germanite and coal.",Used in semiconductor production. It us used in making LEDs (light-emitting diodes) and GaAs laser diodes.
Germanium,Ge,32,4a,4,1886,132,Metal,Carbon,Cubic: Face centered,72.61,2,8,18,4,0,0,0, [Ar] 3d10 4s2 4p2,   1s2 2s2 2p6 3s2 3p6 3d10 4s2 4p2,4,,,,937.4,1211.5,2830,3107,2.01,120,.53 (+4) ,1.52,13.6,762.1,7.900 V,15.934 V,34.22 V," (4),2",5.323,0.32,58.63,330.9,36.94,1.45E-08,0.599,115 10? ,5.7 10^-6 ,1.50E+00,5.00E-05,,9,jer-MAY-ni-em,Latin: Germania (Germany).,Grayish-white metal.,Clemens Winkler,Germany,"Obtained from refining copper, zinc and lead.","Widely used in semiconductors. It is a good semiconductor when combined with tiny amounts of phosphorus, arsenic, gallium, and antimony."
Arsenic,As,33,5a,4,1250,768,Non-Metal,Pnictide,Rhombohedral,74.92159,2,8,18,5,0,0,0, [Ar] 3d10 4s2 4p3,   1s2 2s2 2p6 3s2 3p6 3d10 4s2 4p3,3,5,,,817,1090,613,876,2.18,77,.58 (+3) ,1.33,13.1,947,9.8152 V,18.633 V,28.351 V," (?3),5",5.72,0.33,,34.76,--,0.0345,0.5,39 10? ,15.4 10^-6 ,1.80E+00,3.70E-03,,7,AR-s'n-ik,"Greek: arsenikon; Latin: arsenicum, (both names for yellow pigment).","Steel-gray, brittle semi-metal.",Known to the ancients.,Unknown,Found in mispickel (arsenopyrite),"Many of its compounds are deadly poison and used as weed killer and rat poison. Conducts electricity. Used in semiconductors. Some compounds, called arsenides, are used in the manufacture of paints, wallpapers, and ceramics."
Selenium,Se,34,6a,4,1817,201,Non-Metal,Chalcogen,Hexagonal,78.96,2,8,18,6,0,0,0, [Ar] 3d10 4s2 4p4,   1s2 2s2 2p6 3s2 3p6 3d10 4s2 4p4,4,-2,6,,217,494,684.9,958,2.55,194.96,.50 (+4) ,1.22,16.45,940.9,9.7524 V,21.19 V,30.82 V,"-2,(4),6",4.79,0.32,0,37.7,6.694,1.00E-12,0.0204,20 10? ,45.0 10^-6 ,5.00E-02,2.00E-04,,8,si-LEE-ni-em,Greek: sel?n? (moon).,Soft metalloid similar to sulfur. Ranges from gray metallic to red glassy appearance.,J?ns Berzelius,Sweden,"Obtained from lead, copper and nickel refining. Conducts electricity when struck by light.","Light causes it to conduct electricity more easily. It is used in photoelectric cells, TV cameras, xerography machines and as a semiconductor in solar batteries and rectifiers. Also colors glass red."
Bromine,Br,35,7a,4,1826,192,Halogen,Halogen,Orthorhombic,79.904,2,8,18,7,0,0,0, [Ar] 3d10 4s2 4p5,   1s2 2s2 2p6 3s2 3p6 3d10 4s2 4p5,1,5,7,,-7.2,265.95,58.78,331.85,2.96,324.6,1.96 (-1) ,1.12,25.6,"1,139.90",11.8138 V,21.8 V,36.0 V," (?1),5",3.119,0.473,,15.438,5.286,--,0.00122,--,--,2.40E+00,6.73E+01,2.90E-04,7,BRO-meen,Greek: br?mos (stench).,Redish-brown liquid.,Antoine J. Balard,France,Occurs in compounds in sea water.,"It was once used in large quantities to make a compound that removed lead compound build up in engines burning leaded gasoline. Now it is primarily used in dyes, disinfectants, and photographic chemicals."
Krypton,Kr,36,8a,4,1898,120,Noble Gas,Noble gas,Cubic: Face centered,83.8,2,8,18,8,0,0,0, [Ar] 3d10 4s2 4p6,   1s2 2s2 2p6 3s2 3p6 3d10 4s2 4p6,0,2,,,-156.6,116,-152.3,120.85,0,-39,--,1.03,38.9,1350.7,13.9996 V,24.359 V,36.95 V,0,0.003708,0.248,0.01,9.029,1.638,--,0.0000949,--,425 10^-6 ,1.00E-04,2.10E-04,,7,KRIP-ton,Greek: kryptos (hidden).,"Colorless, odorless, tasteless rare noble gas.","Sir William Ramsey, M.W. Travers",Great Britain,Forms 1 millionth of the atmosphere. Obtained from production of liquid air.,Used in lighting products. Some is used as inert filler-gas in incandescent bulbs. Some is mixed with argon in fluorescent lamps. The most important use is in flashing stroboscopic lamps that outline airport runways.
Rubidium,Rb,37,1a,5,1861,157,Alkali Metal,Alkali Metal,Cubic: Body centered,85.4678,2,8,18,8,1,0,0, [Kr] 5s1, 1s2 2s2 2p6 3s2 3p6 3d10 4s2 4p6 5s1,1,,,,38.89,312.63,686,961,0.82,46.89,1.61 (+1) ,2.98,55.9,403,4.1771 V,27.28 V,40.0 V,1,1.53,0.363,,72.216,2.192,0.0779,0.582,2.0 10? ,91 10^-6 ,9.00E+01,1.20E-01,4.60E-04,8,roo-BID-i-em,Latin: rubidus (deep red); the color its salts irt to flames.,"Soft, silvery-white, highly reactive metal.","R. Bunsen, G. Kirchoff",Germany,"Occurs abundantly, but so widespread that production is limited. Usually obtained from lithium production.","Used as a catalyst, photocells, and vacuum and cathode-ray tubes."
Strontium,Sr,38,2a,5,1790,228,Alkali Earth Metal,Alkaline Earth,Cubic: Face centered,87.62,2,8,18,8,2,0,0, [Kr] 5s2, 1s2 2s2 2p6 3s2 3p6 3d10 4s2 4p6 5s2,2,,,,769,1042,1384,1655,0.95,-168,1.26 (+2) ,2.45,33.7,549.5,5.6948 V,11.03 V,43.60 V,2,2.6,0.3,,144,8.3,0.0762,0.353,15 10? ,22.5 10^-6 ,3.70E+02,7.20E+00,4.60E-04,9,STRON-she-em,"From the Scottish town, Strontian.","Soft, malleable, silvery-yellow metal.",A. Crawford,Scotland,Found in minerals celestite and strontianite.,Used in flares and fireworks for crimson color. Strontium-90 is a long lived highly radioactive fallout product of atomic-bomb explosions.
Yttrium,Y,39,3b,5,1828,190,Transition Metal,Transition Metal,Hexagonal,88.90585,2,8,18,9,2,0,0, [Kr] 4d1 5s2, 1s2 2s2 2p6 3s2 3p6 3d10 4s2 4p6 4d1 5s2,3,,,,1522,1795,3338,3611,1.22,0,1.02 (+3) ,2.27,19.8,616,6.217 V,12.24 V,20.52 V,3,4.47,0.3,,363,11.4,0.0166,0.172,64.4 10? ,11.3 10^-6 ,3.30E+01,1.30E-05,,7,IT-ri-em,"From the Swedish village, Ytterby, where one of its minerals was first found.","Silvery, ductile, fairly reactive metal.",Johann Gadolin,Finland,"Found in minerals such as monazite, xenotime, and yttria.",Combined with europium to make red phosphors for color TV's. Yttrium oxide and iron oxide combine to form a crystal garnet used in radar.
Zirconium,Zr,40,4b,5,1789,229,Transition Metal,Transition Metal,Hexagonal,91.224,2,8,18,10,2,0,0, [Kr] 4d2 5s2, 1s2 2s2 2p6 3s2 3p6 3d10 4s2 4p6 4d2 5s2,4,,,,1852,2128,4377,4682,1.33,50,.84 (+4) ,2.16,14.1,660,6.6339 V,13.13 V,22.99 V,4,6.4,0.27,,58.2,16.9,0.0236,0.227,94 10? ,5.7 10^-6 ,1.65E+02,3.00E-05,,9,zer-KO-ni-em,"From the mineral, zircon.","Gray-white, lustrous, corrosion-resistant metal.",Martin Klaproth,Germany,Found in many minerals such as zircon and baddeleyite.,Used in alloys such as zircaloy which is used in nuclear applications since it does not readily absorb neutrons. Also baddeleyite is used in lab crucibles. Used in high-performance pumps and valves. Clear zircon (ZrSiO4) is a popular gemstone.
Niobium,Nb,41,5b,5,1864,154,Transition Metal,Transition Metal,Cubic: Body centered,92.90638,2,8,18,12,1,0,0, [Kr] 4d4 5s1, 1s2 2s2 2p6 3s2 3p6 3d10 4s2 4p6 4d4 5s1,5,3,,,2468,2742,4742,5015,1.6,96,.64 (+5) ,2.08,10.87,664,6.7589 V,14.32 V,25.04 V," (5),3",8.57,0.26,52.35,682,26.4,0.0693,0.537,104 10? ,7.3 10^-6 ,2.00E+01,1.00E-05,,7,ni-OH-bee-em,From Niobe; daughter of the mythical Greek king Tantalus.,"Shiny white, soft, ductile metal.",Charles Hatchet,England,"Occurs in a mineral columbite. Formerly known as colombium (Cb). It is used in stainless steel alloys for nuclear reactors, jets and missiles.","Used as an alloy with iron and nickel. It can be used in nuclear reactors and is known to be superconductive when alloyed with tin, aluminum or zirconium."
Molybdenum,Mo,42,6b,5,1782,236,Transition Metal,Transition Metal,Cubic: Body centered,95.94,2,8,18,13,1,0,0, [Kr] 4d5 5s1, 1s2 2s2 2p6 3s2 3p6 3d10 4s2 4p6 4d5 5s1,6,5,4,3,2617,2896,4612,4912,2.16,96,.59 (+6) ,2.01,9.4,684.9,7.0924 V,16.461 V,27.16 V," (6),5,4,3,2",10.2,0.25,146.57,598,32,0.187,1.38,322 10? ,4.8 10^-6 ,1.20E+00,1.00E-02,1.00E-05,10,meh-LIB-deh-nem,Greek: molybdos (lead).,"Hard, silvery-white metal.",Carl Wilhelm Scheele,Sweden,Found in the minerals molybdenite (MoS2) and wulfenite (MoO4Pb).,"Its alloys are used in aircraft, missiles, and protective coatings in boiler plate."
Technetium,Tc,43,7b,5,1937,81,Transition Metal,Transition Metal,Hexagonal,-97.9072,2,8,18,13,2,0,0, [Kr] 4d5 5s2, 1s2 2s2 2p6 3s2 3p6 3d10 4s2 4p6 4d5 5s2,7,,,,2172,2477,4877,4538,1.9,70,--,1.95,8.5,702,7.28 V,15.26 V,29.54 V," (7),6,4",11.5,0.21,,660,24,0.067,0.506,380 10? ,8 10^-6 ,,,,10,tek-NEE-shi-em,Greek: techn?tos (artificial).,Silvery-gray metal. First synthetically produced element.,"Carlo Perrier, ?millo Segr?",Italy,Made first by bombarding molybdenum with deuterons (heavy hydrogen) in a cyclotron.,Added to iron in quantities as low as 55 part-per-million transforms the iron into a corrosion-resistant alloy.
Ruthenium,Ru,44,8b,5,1844,174,Transition Metal,Transition Metal,Hexagonal,101.07,2,8,18,15,1,0,0, [Kr] 4d7 5s1, 1s2 2s2 2p6 3s2 3p6 3d10 4s2 4p6 4d7 5s1,3,4,2,6,2334,2610,4150,4425,2.2,110,.62 (+4) ,1.89,8.3,711,7.3605 V,16.76 V,28.47 V,"2,(3,4),6,8",12.2,0.238,,595,24,0.137,1.17,430 10? ,6.4 10^-6 ,1.00E-03,7.00E-07,,9,roo-THE-ni-em,Latin: Ruthenia (Russia).,"Rare, extremely brittle, silver-gray metal.",Karl Klaus,Russia,Found in pentlandite and pyroxinite.,Used to harden platinum and palladium. Aircraft magnetos use platinum alloy with 10% ruthenium.
Rhodium,Rh,45,8b,5,1803,215,Transition Metal,Transition Metal,Cubic: Face centered,102.9055,2,8,18,16,1,0,0, [Kr] 4d8 5s1, 1s2 2s2 2p6 3s2 3p6 3d10 4s2 4p6 4d8 5s1,3,2,4,,1966,2236,3695,3970,2.28,120,.67 (+3) ,1.83,8.3,720,7.4589 V,18.08 V,31.06 V,"2,(3),4",12.4,0.242,87.94,493,21.5,0.211,1.5,330 10? ,8.2 10^-6 ,1.00E-03,,,7,RO-di-em,Greek: rhodon (rose). Its salts give a rosy solution.,"Hard, silvery-white metal",William Wollaston,England,Obtained as a by-product of nickel production.,Used as a coating to prevent wear on high quality science equipment and with platinum to make thermocouples.
Palladium,Pd,46,8b,5,1803,215,Transition Metal,Transition Metal,Cubic: Face centered,106.42,2,8,18,18,0,0,0, [Kr] 4d10, 1s2 2s2 2p6 3s2 3p6 3d10 4s2 4p6 4d10,2,4,,,1552,1825,2940,3240,2.2,60,.64 (+2) ,1.79,8.9,805,8.3369 V,19.63 V,32.93 V," (2),4",12.02,0.24,71.19,357,17.6,0.095,0.718,127 10? ,11.8 10^-6 ,1.50E-02,,,9,peh-LAY-di-em,"Named after the asteroid, Pallas, discovered in 1803.","Soft, malleable, ductile, silvery-white metal.",William Wollaston,England,"Obtained with platinum, nickel, copper and mercury ores.",Used as a substitue for silver in dental items and jewelry. The pure metal is used as the delicate mainsprings in analog wristwatches. Also used in surgical instruments and as catalyst .
Silver,Ag,47,1b,5,0,*,Transition Metal,Transition Metal,Cubic: Face centered,107.8682,2,8,18,18,1,0,0, [Kr] 4d10 5s1, 1s2 2s2 2p6 3s2 3p6 3d10 4s2 4p6 4d10 5s1,1,,,,961.93,1235.08,2162,2436,1.93,125.7,1.15 (+1) ,1.75,10.3,731,7.5762 V,21.49 V,34.83 V,1,10.5,0.235,410.39,250.58,11.3,0.63,4.29,80 10? ,18.9 10^-6 ,7.50E-02,4.00E-05,,6,SIL-ver,"Anglo-Saxon: siolful, (silver); symbol from Latin: argentium.","Silvery-ductile, and malleable metal",Known to the ancients.,Unknown,"Found in ores called argentite (AgS), light ruby silver (Ag3AsS3), dark ruby silver(Ag3SbS3) and brittle silver.","Used in alloys for jewelry and in other compounds for photography. It is also a good conductor, but expensive."
Cadmium,Cd,48,2b,5,1817,201,Metal,Transition Metal,Hexagonal,112.411,2,8,18,18,2,0,0, [Kr] 4d10 5s2, 1s2 2s2 2p6 3s2 3p6 3d10 4s2 4p6 4d10 5s2,2,,,,320.9,594.26,765,1040,1.69,,.95 (+2) ,1.71,13.1,867.7,8.9937 V,16.908 V,37.48 V,2,8.65,0.23,92.13,99.57,6.192,0.138,0.968,62 10? ,30.8 10^-6 ,1.50E-01,1.10E-04,7.00E-05,7,KAD-me-em,Greek: kadmeia (ancient name for calamine (zinc oxide)).,"Soft, malleable, blue-white metal.",Fredrich Stromeyer,Germany,Obtained as a by product of zinc refining.,"Used in nickel-cadmium batteries. Also in electroplating steel and in the manufacture of berings. Its compounds are found in paint pigments and a wide variety of intense colors. Boiling cadmium gives off a weird, yellow-colored vapor that is poisonous."
Indium,In,49,3a,5,1924,94,Metal,Boron,Tetragonal,114.818,2,8,18,18,3,0,0, [Kr] 4d10 5s2 5p1, 1s2 2s2 2p6 3s2 3p6 3d10 4s2 4p6 4d10 5s2 5p1,3,,,,156.61,429.78,2080,2350,1.78,29,.80 (+3) ,2,15.7,558.3,5.7864 V,18.869 V,28.03 V,3,7.31,0.23,23.87,231.5,3.263,0.116,0.816,14 10? ,32.1 10^-6 ,2.50E-01,2.00E-03,,6,IN-di-em,"Latin: indicum (color indigo), the color it shows in a spectroscope.","Rare, very soft, silver-white metal","Ferdinand Reich, T. Richter",Germany,Found in certain zinc ores.,Used to coat high speed bearings and as an alloy that lowers the melting point of other metals. Relativly small amounts are used in dental items and in electronic semiconductors.
Tin,Sn,50,4a,5,0,*,Metal,Carbon,Tetragonal,118.71,2,8,18,18,4,0,0, [Kr] 4d10 5s2 5p2, 1s2 2s2 2p6 3s2 3p6 3d10 4s2 4p6 4d10 5s2 5p2,4,2,,,231.97,505.12,2602,2876,1.96,121,.71 (+4) ,1.72,16.3,708.6,7.3438 V,14.632 V,30.502 V," (4),2",7.3,0.227,67,295.8,7.029,0.0917,0.666,50 10? ,22.0 10^-6 ,2.30E+00,4.00E-06,2.00E-05,3,TIN,"Named after Etruscan god, Tinia; symbol from Latin: stannum (tin).","Silvery-white, soft, malleable and ductile metal.",Known to the ancients.,Unknown,Principally found in the ore cassiterite(SnO2) and stannine (Cu2FeSnS4).,"Used as a coating for steel cans since it is nontoxic and noncorrosive. Also in solder (33%Sn:67%Pb), bronze (20%Sn:80%Cu), and pewter. Stannous fluoride (SnF2), a compound of tin and fluorine is used in some toothpaste."
Antimony,Sb,51,5a,5,1600,418,Metal,Pnictide,Rhombohedral,121.757,2,8,18,18,5,0,0, [Kr] 4d10 5s2 5p3, 1s2 2s2 2p6 3s2 3p6 3d10 4s2 4p6 4d10 5s2 5p3,3,5,,,630.74,903.91,1587,1860,2.05,101,.76 (+3) ,1.53,18.23,833.7,8.64 V,16.53 V,25.30 V," (?3),5",6.684,0.21,20.94,77.14,19.87,0.0288,0.243,67 10? ,11.0 10^-6 ,2.00E-01,2.40E-04,,8,AN-teh-MOH-ni,Greek: anti and monos (not alone); symbol from mineral stibnite.,"Hard, brittle, silvery-white semimetal.",Known to the ancients.,Unknown,Found in stibnite (Sb2S3) and in valentinite (Sb2O3).,It is alloyed with other metals to increase their hardness. Also in the manufacture of a few special types of semiconductor devices. Also in plastics and chemicals. A few kinds of over-the-counter cold and flu remedies use antimony compounds.
Tellurium,Te,52,6a,5,1782,236,Non-Metal,Chalcogen,Hexagonal,127.6,2,8,18,18,6,0,0, [Kr] 4d10 5s2 5p4, 1s2 2s2 2p6 3s2 3p6 3d10 4s2 4p6 4d10 5s2 5p4,4,-2,6,,449.5,722.72,989.9,1261,2.1,190.15,.97 (+4) ,1.42,20.5,869.2,9.0096 V,18.60 V,27.96 V,"-2,(4),6",6.24,0.2,,52.55,17.49,2.00E-06,0.0235,40 10? ,18.8 10^-6 ,1.00E-03,,,9,te-LOOR-i-em,Latin: tellus (earth).,"Silvery-white, brittle simi-metal.",Franz M?ller von Reichenstein,Romania,Obtained as a by-product of copper and lead refining.,Used to improve the machining quality of copper and stainless steel products and to color glass and ceramics. Also in thermoelectric devices. Some is used in the rubber industry and it is a basic ingredient in manufacturing blasting caps.
Iodine,I,53,7a,5,1811,207,Halogen,Halogen,Orthorhombic,126.90447,2,8,18,18,7,0,0, [Kr] 4d10 5s2 5p5, 1s2 2s2 2p6 3s2 3p6 3d10 4s2 4p6 4d10 5s2 5p5,1,5,7,,113.5,386.7,184.35 @ 35 atmos.,457.5,2.66,295.3,2.20 (-1) ,1.32,25.74,"1,008.40",10.4513 V,19.131 V,33.0 V," (?1),5,7",4.93,0.214,0.42,20.752,7.824,8.00E-16,0.00449,--,87 10^-6 ,4.50E-01,6.00E-02,2.00E-05,6,EYE-eh-dine,Greek: i?eides (violet colored).,"Shiny, black, non-metalic solid; as a gas it is violet and intensely irritating to the eyes, nose and throat.",Bernard Courtois,France,Occurs on land and in the sea in sodium and potassium compounds.,"Required in small amounts by humans. Once used as an antiseptic, but no longer due to its poisonous nature."
Xenon,Xe,54,8a,5,1898,120,Noble Gas,Noble gas,Cubic: Face centered,131.29,2,8,18,18,8,0,0, [Kr] 4d10 5s2 5p6, 1s2 2s2 2p6 3s2 3p6 3d10 4s2 4p6 4d10 5s2 5p6,0,2,4,6,-111.9,161.39,-107.1,165.1,0,-41,--,1.24,37.3,1170.4,12.1299 V,21.21 V,32.10 V,0,0.00588,0.158,0.04,12.636,2.297,--,0.0000569,--,253 10^-6 ,3.00E-05,5.00E-05,,5,ZEE-non,Greek: xenos (strange).,"Heavy, colorless, odorless, noble gas.",Sir William Ramsay; M. W. Travers,England,Obtain from the small quantities in liquid air.,Used for filling flash lamps and other powerful lamps. Electrical excitation of xenon produces a burst of brilliant whtie light. Also used in bubble chambers and modern nuclear power reactors.
Cesium,Cs,55,1a,6,1860,158,Alkali Metal,Alkali Metal,Cubic: Body centered,132.90543,2,8,18,18,8,1,0, [Xe] 6s1, 1s2 2s2 2p6 3s2 3p6 3d10 4s2 4p6 4d10 5s2 5p6 6s1,1,,,,28.4,301.54,669.3,944,0.79,45.49,1.74 (+1) ,3.34,71.07,375.7,3.8939 V,25.10 V,--,1,1.873,0.24,,67.74,2.092,0.0489,0.359,1.8 10? ,100 10^-6 ,3.00E+00,3.00E-04,2.00E-06,6,SEE-zi-em,Latin: coesius (sky blue); for the blue lines of its spectrum.,"Very soft, light gray, ductile metal.","Gustov Kirchoff, Robert Bunsen",Germany,Found in pollucite [(Cs4Al4Si9O26).H2O] and as trace in lepidolite.,"Used as a 'getter' to remove air traces in vacuum and cathode-ray tubes. Also used in producing photoelectric devices and atomic clocks. Since it ionizes readily, it is used as an ion rocket motor propellant."
Barium,Ba,56,2a,6,1808,210,Alkali Earth Metal,Alkaline Earth,Cubic: Body centered,137.327,2,8,18,18,8,2,0, [Xe] 6s2, 1s2 2s2 2p6 3s2 3p6 3d10 4s2 4p6 4d10 5s2 5p6 6s2,2,,,,725,1002,1897,2078,0.89,-52,1.42 (+2) ,2.78,39.24,502.9,5.2117 V,10.004 V,--,2,3.51,0.204,,142,7.75,0.03,0.184,13 10? ,20.6 10^-6 ,4.25E+02,1.30E-02,3.00E-05,6,BAR-i-em,Greek: barys (heavy or dense).,"Soft, slightly malleable, silvery-white metal.",Sir Humphrey Davy,England,"Found in barytine (BaSO4) and witherite (BaCO3), never found in pure form due to its reactivity. Must be stored under kerosene to remain pure.","Barite, or barium sulfate (BaSO4), when ground is used as a filter for rubber, plastics, and resins. It is insoluable in water and so is used in X-rays of the digestive system. Barium nitrate, Ba(NO3)2, burns brilliant green and is used in fireworks."
Lanthanum,La,57,3b,6,1839,179,Transition Metal,Rare Earth,Hexagonal,138.9055,2,8,18,18,9,2,0, [Xe] 5d1 6s2, 1s2 2s2 2p6 3s2 3p6 3d10 4s2 4p6 4d10 5s2 5p6 5d1 6s2,3,,,,918,1191,3464,3737,1.1,50,1.16 (+3) ,2.74,20.73,538.1,5.5770 V,11.059 V,19.174 V,3,6.7,0.19,13.82,414,6.2,0.0126,0.135,50 10? ,5.2 10^-6 ,3.90E+01,3.40E-06,,9,LAN-the-nem,Greek: lanthanein (to be hidden).,"Soft, silvery-white, malleable, ductile metal.",Carl Mosander,Sweden,Found with rare earths in monazite and bastnasite. Monazite sand typicall contains 25% lanthanum.,"It is used in the electodes of high-intensity, carbon-arc lights. Also used in the production of high-grade europium metal. Because it gives glass refractive properties, it is used in expensive camera lenses."
Cerium,Ce,58,,6,1803,215,Rare Earth,Rare Earth,Cubic: Face centered,140.115,2,8,18,20,8,2,0, [Xe] 4f1 5d1 6s2, 1s2 2s2 2p6 3s2 3p6 3d10 4s2 4p6 4d10 5s2 5p6 4f1 5d1 6s2,3,4,,,798,1071,3433,3715,1.12,50,1.14 (+3) ,2.7,20.67,527.8,5.5387 V,10.851 V,20.20 V," (3),4",6.78,0.19,10.89,414,5.46,0.0115,0.114,30 10? ,5.2 10^-6 ,6.65E+01,1.20E-06,,6,SER-i-em,"Named after the asteroid, Ceres, discovered two years before the element.","Malleable, ductile, iron-gray metal.","W. von Hisinger, J. Berzelius, M. Klaproth",Sweden/Germany,Most abundant rare earth metal. Found in many minerals like monazite sand [Ce(PO4)].,Its oxides are used in the optics and glass-making industries. Its salts are used in the photography and textile industry. Used in high-intensity carbon lamps and as alloying agents in special metals.
Praseodymium,Pr,59,,6,1885,133,Rare Earth,Rare Earth,Hexagonal,140.90765,2,8,18,21,8,2,0, [Xe] 4f3 6s2, 1s2 2s2 2p6 3s2 3p6 3d10 4s2 4p6 4d10 5s2 5p6 4f3 6s2,3,4,,,931,1204,3520,3785,1.13,50,1.13 (+3) ,2.67,20.8,523,5.464 V,10.551 V,21.62 V," (3,4)",6.77,0.19,11.73,296.8,6.89,0.0148,0.125,50 10? ,5.4 10^-6 ,9.20E+00,6.40E-07,,12,pra-si-eh-DIM-i-em,Greek: prasios and didymos (green twin); from its green salts.,"Silvery white, moderately soft, malleable, ductile metal.",C.F. Aver von Welsbach,Austria,Obtained from same salts as neodymium.,Used with neodymium to make lenses for glass maker's goggles since it filters out the yellow light present in glass blowing. Alloyed with magnesium creates a high-strength metal used in aircraft engines. Makes up 5% of Mich metal.
Neodymium,Nd,60,,6,1841,177,Rare Earth,Rare Earth,Hexagonal,144.24,2,8,18,22,8,2,0, [Xe] 4f4 6s2, 1s2 2s2 2p6 3s2 3p6 3d10 4s2 4p6 4d10 5s2 5p6 4f4 6s2,3,,,,1021,1294,3074,3347,1.14,50,--,2.64,20.6,530,5.5250 V,10.727 V,22.076 V,3,7,0.19,12.98,273,7.14,0.0157,0.165,38 10? ,6.9 10^-6 ,4.15E+01,2.80E-06,,9,nee-eh-DIM-i-em,Greek: neos and didymos (new twin).,"Silvery-white, rare-earth metal that oxidizes easily in air.",C.F. Aver von Welsbach,Austria,"Made from electrolysis of its halide salts, which are made from monazite sand.","Used in making artificial ruby for lasers. Also in ceramics and for a special lens with praseodymium. Also to produce bright purple glass and special glass that filters infrared radiation. Makes up 18% of Mich metal, which is used in making steel."
Promethium,Pm,61,,6,1941,77,Rare Earth,Rare Earth,Hexagonal,-144.9127,2,8,18,23,8,2,0, [Xe] 4f5 6s2, 1s2 2s2 2p6 3s2 3p6 3d10 4s2 4p6 4d10 5s2 5p6 4f5 6s2,3,,,,1042,1315,3000  (estimated),3273,1.13,50,1.09 (+3) ,2.62,22.39,535,5.55 V,10.903 V,22.283 V,3,6.475,0.18,,--,--,--,0.179,42 10? ,--,,,,10,pro-MEE-thi-em,"Named for the Greek god, Prometheus.","Rare earth metal of synthetic origin on the earth, naturally made in stars.","J.A. Marinsky, L.E. Glendenin, C.D. Coryell",United States,"Does not occur naturally. Found among fission products of uranium, thorium, and plutonium.",It has been used as a source of radioactivity for thickness-measuring gages.
Samarium,Sm,62,,6,1879,139,Rare Earth,Rare Earth,Rhombohedral,150.36,2,8,18,24,8,2,0, [Xe] 4f6 6s2, 1s2 2s2 2p6 3s2 3p6 3d10 4s2 4p6 4d10 5s2 5p6 4f6 6s2,3,2,,,1074,1347,1794,2067,1.17,50,1.08 (+3) ,2.59,19.95,543,5.6437 V,11.069 V,23.423 V," (3),2",7.54,0.2,,166.4,8.63,0.00956,0.133,45 10? ,--,7.05E+00,4.50E-07,,8,seh-MER-i-em,Named after the mineral samarskite.,Silvery rare earth metal.,Paul ?mile Lecoq de Boisbaudran,France,Found with other rare earths in monazite sand. The sand is often 50% rare earths by weight and 2.8% samarium.,It is used in the electronics and ceramics industries.  It is easily magnetized and very difficult to demagnetize. This suggests important future applications in solid-state and superconductor technologies.
Europium,Eu,63,,6,1901,117,Rare Earth,Rare Earth,Cubic: Body centered,151.965,2,8,18,25,8,2,0, [Xe] 4f7 6s2, 1s2 2s2 2p6 3s2 3p6 3d10 4s2 4p6 4d10 5s2 5p6 4f7 6s2,3,2,,,822,1095,1527,1800,1.2,50,1.07 (+3) ,2.56,28.9,547,5.6704 V,11.245 V,24.926 V," (3),2",5.259,0.18,,143.5,9.21,0.0112,0.139,15 10? ,41 10^-6 ,2.00E+00,1.30E-07,,8,yoo-RO-pi-em,Named for the continent of Europe.,"Soft, silvery-white metal.",Eug?ne Demar?ay,France,"Obtained from monazite sand, which is a mixture of phosphates of calcium, thorium, cerium, and most other rare earths.",Used with yttrium oxide to make red phosphors for color televisions.
Gadolinium,Gd,64,,6,1886,132,Rare Earth,Rare Earth,Hexagonal,157.25,2,8,18,25,8,2,0, [Xe] 4f7 5d1 6s2, 1s2 2s2 2p6 3s2 3p6 3d10 4s2 4p6 4d10 5s2 5p6 4f7 5d1 6s2,3,,,,1313,1585,3273,3545,1.2,50,1.05 (+3) ,2.54,19.9,592,6.1500 V,12.095 V,20.635 V,3,7.895,0.23,8.79,359.4,10.05,0.00736,0.106,55 10? ,-2 10^-6 ,6.20E+00,7.00E-07,,10,GAD-eh-LIN-i-em,Named after the mineral gadolinite.,"Soft, ductile, silvery-white metal.",Jean de Marignac,Switzerland,Found with other rare earths in gadolinite and monazite sand.,Used in steel alloying agents and the manufacture of electronic components.
Terbium,Tb,65,,6,1843,175,Rare Earth,Rare Earth,Hexagonal,158.92534,2,8,18,27,8,2,0, [Xe] 4f9 6s2, 1s2 2s2 2p6 3s2 3p6 3d10 4s2 4p6 4d10 5s2 5p6 4f9 6s2,3,4,,,1356,1629,3230,3500,1.2,50,1.18 (+3) ,2.51,19.2,564,5.8639 V,11.525 V,21.91 V," (3),4",8.27,0.18,,330.9,10.8,0.00889,0.111,57 10? ,9.4 10^-6 ,1.20E+00,1.40E-07,,7,TUR-bi-em,"Named after Ytterby, a village in Sweden.","Soft, ductile, silvery-gray, rare earth metal.",Carl Mosander,Sweden,"Found with other rare earths in monazite sand, which typically contain 0.03% terbium. Other sources are xenotime and euxenite, both of which are oxide mixtures that can contain up to 1% terbium.",It is used in modest amounts in special lasers and solid-state devices.
Dysprosium,Dy,66,,6,1886,132,Rare Earth,Rare Earth,Hexagonal,162.5,2,8,18,28,8,2,0, [Xe] 4f10 6s2, 1s2 2s2 2p6 3s2 3p6 3d10 4s2 4p6 4d10 5s2 5p6 4f10 6s2,3,,,,1412,1685,2567,2840,1.22,50,1.03 (+3) ,2.49,19,572,5.9389 V,11.67 V,22.802 V,3,8.536,0.17,10.05,230,11.06,0.0108,0.107,63 10? ,9.6 10^-6 ,5.20E+00,9.10E-07,,10,dis-PRO-si-em,Greek: dysprositos (hard to get at).,"Soft, lustrous, silvery metal.",Paul ?mile Lecoq de Boisbaudran,France,"Usually found with erbium, holmium and other rare earths in some minerals such as monazite sand, which is often 50% rare earth by weight.",Its uses are limited to the experimental and esoteric.
Holmium,Ho,67,,6,1878,140,Rare Earth,Rare Earth,Hexagonal,164.93032,2,8,18,29,8,2,0, [Xe] 4f11 6s2, 1s2 2s2 2p6 3s2 3p6 3d10 4s2 4p6 4d10 5s2 5p6 4f11 6s2,3,,,,1474,1747,2700,2968,1.23,50,--,2.47,18.7,581,6.0216 V,11.805 V,22.843 V,3,8.8,0.16,,241,12.2,0.0124,0.162,72 10? ,9.8 10^-6 ,1.30E+00,2.20E-07,,7,HOLE-mi-em,"From Holmia, the Latinized name for Stockholm, Sweden.","Fairly soft, malleable, lustrous, silvery metal.",J.L. Soret,Switzerland,Occurs in gadolinite. Most often from monazite which is often 50% rare earth and typically 0.05% holmium.,"It has very few practical applications; however, it has some unusual magnetic properties that offer some hope for future applications."
Erbium,Er,68,,6,1842,176,Rare Earth,Rare Earth,Hexagonal,167.26,2,8,18,30,8,2,0, [Xe] 4f12 6s2, 1s2 2s2 2p6 3s2 3p6 3d10 4s2 4p6 4d10 5s2 5p6 4f12 6s2,3,,,,1529,1802,2868,3140,1.24,50,1.00 (+3) ,2.45,18.4,589,6.1078 V,11.929 V,22.739 V,3,9.05,0.17,9.63,261,19.9,0.0117,0.143,73 10? ,9.4 10^-6 ,3.50E+00,8.70E-07,,6,UR-bi-em,"Named after the Swedish town, Ytterby.","Soft, malleable, silvery metal.",Carl Mosander,Sweden,Found with other heavier rare earths in xenotime and euxerite.,"Erbium oxide is used in ceramics to obtain a pink glaze. Also a few uses in the nuclear industry and as an alloying agent for other exotic metals. For example, it increases the malleability of vanadium."
Thulium,Tm,69,,6,1879,139,Rare Earth,Rare Earth,Hexagonal,168.93421,2,8,18,31,8,2,0, [Xe] 4f13 6s2, 1s2 2s2 2p6 3s2 3p6 3d10 4s2 4p6 4d10 5s2 5p6 4f13 6s2,3,2,,,1545,1818,1950,2223,1.25,50,1.09 (+3) ,2.42,18.1,596,6.1843 V,12.054 V,26.367 V," (3),2",9.33,0.16,,191,16.84,0.015,0.168,76 10? ,12 10^-6 ,5.20E-01,1.70E-07,,7,THOO-li-em,From Thule ancient name of Scandinavia.,"Soft, malleable, ductile, silvery metal",Per Theodor Cleve,Sweden,"Found with other rare earths in the minerals gadolinite, euxenite, xenotime, and monazite. Monazite is often 50% rare earth by weight and 0.007% thulium.","Radioactive thulium is used to power portable x-ray machines, eliminating the need for electrical equipment."
Ytterbium,Yb,70,,6,1907,111,Rare Earth,Rare Earth,Cubic: Face centered,173.04,2,8,18,32,8,2,0, [Xe] 4f14 6s2, 1s2 2s2 2p6 3s2 3p6 3d10 4s2 4p6 4d10 5s2 5p6 4f14 6s2,3,2,,,819,1092,1196,1469,1.1,50,.99 (+3) ,2.4,24.79,603,6.2542 V,12.188 V,25.03 V," (3),2",6.98,0.15,,128.9,7.66,0.0351,0.349,18 10? ,25.1 10^-6 ,3.20E+00,8.20E-07,,9,i-TUR-bi-em,Named for the Swedish village of Ytterby.,"Silvery, lustrous, malleable, and ductile metal.",Jean de Marignac,Switzerland,"Found in minerals such as yttria, monazite, gadolinite, and xenotime. Monazite is often 50% rare earth by weight and typically 0.03% ytterbium.",Used in metallurgical and chemical experiments.
Lutetium,Lu,71,,6,1907,111,Rare Earth,Rare Earth,Hexagonal,174.967,2,8,18,32,9,2,0, [Xe] 4f14 5d1 6s2, 1s2 2s2 2p6 3s2 3p6 3d10 4s2 4p6 4d10 5s2 5p6 4f14 5d1 6s2,3,,,,1663,1936,3402,3668,1.27,50,.98 (+3) ,2.25,17.78,524,5.4259 V,13.888 V,20.957 V,3,9.85,0.15,,355.9,18.6,0.0185,0.164,84 10? ,8.2 10^-6 ,8.00E-01,1.50E-07,,8,loo-TEE-shi-em,"Named for the ancient name of Paris, Lutecia.","Silvery-white, hard, dense, rare earth metal.",Georges Urbain,France,Found with ytterbium in gadolinite and xenotime. Usually obtained from monazite sand which is ofter 50% rare earth by weight and 0.003% lutetium.,It has no practical applications.
Hafnium,Hf,72,4b,6,1923,95,Transition Metal,Transition Metal,Hexagonal,178.49,2,8,18,32,10,2,0, [Xe] 4f14 5d2 6s2, 1s2 2s2 2p6 3s2 3p6 3d10 4s2 4p6 4d10 5s2 5p6 4f14 5d2 6s2,4,,,,2227,2504,4602,4875,1.3,,.83 (+4) ,2.16,13.6,642,6.8251 V,14.925 V,23.32 V,4,13.2,0.14,92.13,575,24.06,0.0312,0.23,139 10? ,5.9 10^-6 ,3.00E+00,7.00E-06,,7,HAF-ni-em,"From Hafnia, the Latin name of Copenhagen.","Silvery, ductile metal.","Dirk Coster, Georg von Hevesy",Denmark,Obtained from mineral zircon or baddeleyite.,Used in reactor control rods because of its ability to absorb neutrons.
Tantalum,Ta,73,5b,6,1802,216,Transition Metal,Transition Metal,Cubic: Body centered,180.9479,2,8,18,32,11,2,0, [Xe] 4f14 5d3 6s2, 1s2 2s2 2p6 3s2 3p6 3d10 4s2 4p6 4d10 5s2 5p6 4f14 5d3 6s2,5,,,,2996,3293,5425 ?100,5730,1.5,60,.64 (+5) ,2.09,10.9,761,7.89 V,--,--,5,16.6,0.14,54.44,743,31.6,0.0761,0.575,183 10? ,6.3 10^-6 ,2.00E+00,2.00E-06,,8,TAN-te-lem,"From king Tantalus of Greek mythology, father of Niobe.","Rare, gray, heavy, hard but ductile, metal with a high melting point.",Anders Ekeberg,Sweden,Chiefly occurs in the mineral tantalite. Always found with niobium.,Often used as an economical substitute for platinum. Tantalum pentoxide is used in capacitors and in camera lenses to increase refracting power. It and its alloys are corrosion and wear resistant so it is used to make surgical and dental tools.
Tungsten,W,74,6b,6,1783,235,Transition Metal,Transition Metal,Cubic: Body centered,183.84,2,8,18,32,12,2,0, [Xe] 4f14 5d4 6s2, 1s2 2s2 2p6 3s2 3p6 3d10 4s2 4p6 4d10 5s2 5p6 4f14 5d4 6s2,6,5,4,3,3410,3695,5660,5825,2.36,60,.60 (+6) ,2.02,9.53,770,7.98 V,--,--," (6),5,4,3,2",19.3,0.13,167.5,824,35.4,0.189,1.74,401 10? ,4.5 10^-6 ,1.25E+00,1.00E-04,,8,TUNG-sten,Swedish: tung sten (heavy stone): symbol from its German name wolfram.,"Hard, steel-gray to white metal. Highest melting point of all metals.",Fausto and Juan Jos? de Elhuyar,Spain,"Occurs in the minerals scheelite (CaWO4) and wolframite [(Fe,Mn)WO4].",Made into filaments for vacuum tubes and electric lights. Also as contact points in cars. Combined with calcium or magnesium it makes phosphors. Tungsten carbide is extremely hard and is used for making cutting tools and abrasives.
Rhenium,Re,75,7b,6,1925,93,Transition Metal,Transition Metal,Hexagonal,186.207,2,8,18,32,13,2,0, [Xe] 4f14 5d5 6s2, 1s2 2s2 2p6 3s2 3p6 3d10 4s2 4p6 4d10 5s2 5p6 4f14 5d5 6s2,7,4,6,2,3180,3455,5627 (estimated),5870,1.9,14,.53 (+7) ,1.97,8.85,760,7.88 V,--,--," (7),6,4,2,-1",21,0.13,71.19,715,33.2,0.0542,0.479,461 10? ,6.2 10^-6 ,7.00E-04,4.00E-06,,7,REE-ni-em,"Latin: Rhenus, the Rhine River.","Rare and costly, dense, silvery-white metal.","Walter Noddack, Ida Tacke, Otto Berg",Germany,Found in small amounts in gadolinite and molybdenite. Has a very high melting point.,Mixed with tungsten or platinum to make filaments for mass spectrographs. Its main value is as a trace alloying agent for hardening metal components that are subjected to continuous frictional forces.
Osmium,Os,76,8b,6,1803,215,Transition Metal,Transition Metal,Hexagonal,190.23,2,8,18,32,14,2,0, [Xe] 4f14 5d6 6s2, 1s2 2s2 2p6 3s2 3p6 3d10 4s2 4p6 4d10 5s2 5p6 4f14 5d6 6s2,4,3,6,8,3054,3300,5027,5300,2.2,110,.63 (+4) ,1.92,8.49,840,8.7 V,--,--,"2,3,(4),6,8",22.4,0.13,,746,31.8,0.109,0.876,550 10? ,5.1 10^-6 ,1.50E-03,,,6,OZ-mi-em,Greek: osm? (odor).,"Hard fine black powder or hard, lustrous, blue-white metal.",Smithson Tenant,England,Obtained from the same ores as platinum.,"Used to tip gold pen points, instrument pivots, to make electric light filaments. Used for high temp. alloys and pressure bearings. Very hard and resists corrosion better than any other."
Iridium,Ir,77,8b,6,1803,215,Transition Metal,Transition Metal,Cubic: Face centered,192.22,2,8,18,32,15,2,0, [Xe] 4f14 5d7 6s2, 1s2 2s2 2p6 3s2 3p6 3d10 4s2 4p6 4d10 5s2 5p6 4f14 5d7 6s2,4,2,3,6,2410,2720,4130,4700,2.2,150,.63 (+4) ,1.87,8.54,880,9.1 V,--,--,"2,3,(4),6",22.42,0.13,,604,26.1,0.197,1.47,533 10? ,6.4 10^-6 ,1.00E-03,,,7,i-RID-i-em,Latin: iris (rainbow).,"Heavy, brittle, white metal.","S.Tenant, A.F.Fourcory, L.N.Vauquelin, H.V.Collet-Descoltils",England/France,Found in gravel deposits with platinum.,"Used with osmium to tip gold pen points, to make crucible and special containers. Also to make alloys used for standard weights and measures, and heat-resistant alloys. Also as hardening agent for platinum."
Platinum,Pt,78,8b,6,1735,283,Transition Metal,Transition Metal,Cubic: Face centered,195.08,2,8,18,32,17,1,0, [Xe] 4f14 5d9 6s1, 1s2 2s2 2p6 3s2 3p6 3d10 4s2 4p6 4d10 5s2 5p6 4f14 5d9 6s1,4,2,,,1772,2042.1,3827,4100,2.28,205.3,.63 (+4) ,1.83,9.1,870,9.0 V,18.563 V,--,"2,(4)",21.45,0.13,71.19,510,19.6,0.0966,0.716,175 10? ,8.8 10^-6 ,5.00E-03,,,8,PLAT-n-em,Spanish: platina (little silver).,"Rare, very heavy, soft, silvery-white metal.",Julius Scaliger,Italy,"Produced from deposits of native, or elemental, platinum.","Used in jewelry, to make crucible and special containers and as a catalyst. Used with cobalt to produce very strong magnets. Also to make standard weights and measures. Resists corrosion and acid attacks except aqua regia."
Gold,Au,79,1b,6,0,*,Transition Metal,Transition Metal,Cubic: Face centered,196.96654,2,8,18,32,18,1,0, [Xe] 4f14 5d10 6s1, 1s2 2s2 2p6 3s2 3p6 3d10 4s2 4p6 4d10 5s2 5p6 4f14 5d10 6s1,3,1,,,1064.43,1337.58,2808,3130,2.54,222.74,.85 (+3) ,1.79,10.2,890.1,9.2257 V,20.521 V,--," (3),1",19.32,0.128,297.32,334.4,12.55,0.452,3.17,78.3 10? ,14.2 10^-6 ,4.00E-03,4.00E-03,1.00E-05,4,GOLD,Anglo-Saxon: geolo (yellow); symbol from Latin: aurum (shining dawn).,"Soft, malleable, bright yellow metal.",Known to the ancients.,Unknown,"Found in veins in the crust, with cooper ore and native .","Very malleable. Used in electronics, jewelry and coins. It is a good reflector of infrared radiation, so a thin film of gold is applied to the glass of skyscrapers to reduce internal heating from sunlight."
Mercury,Hg,80,2b,6,0,*,Metal,Transition Metal,Rhombohedral,200.59,2,8,18,32,18,2,0, [Xe] 4f14 5d10 6s2, 1s2 2s2 2p6 3s2 3p6 3d10 4s2 4p6 4d10 5s2 5p6 4f14 5d10 6s2,2,1,,,-38.87,234.31,356.58,629.88,2,,1.02 (+2) ,1.76,14.82,"1,007.00",10.4375 V,18.759 V,34.202 V," (2),1",13.546,0.139,8.38,59.229,2.295,0.0104,0.0834,22 10? ,49 10^-6 ,8.50E-02,3.00E-05,,7,MER-kyoo-ri,From the Roman god Mercury; symbol from Latin: hydrargyrus (liquid silver).,"Heavy, silver-white metal, liquid at ordinary temperatures.",Known to the ancients.,Unknown,Virtually all mercury comes from cinnabar or mercury sulfide (HgS). Some sources of red cinnabar are so rich in mercury that droplets of elemental mercury can be found in random samples.,"Used in thermometers, barometers, and batteries. Also used in electrical switches and mercury-vapor lighting products."
Thallium,Tl,81,3a,6,1861,157,Metal,Boron,Hexagonal,204.3833,2,8,18,32,18,3,0, [Xe] 4f14 5d10 6s2 6p1, 1s2 2s2 2p6 3s2 3p6 3d10 4s2 4p6 4d10 5s2 5p6 4f14 5d10 6s2 6p1,1,3,,,303.5,577,1457 ?10,1746,2.04,30,1.59 (+1) ,2.08,17.2,589.3,6.1083 V,20.428 V,29.829 V,"3,(1)",11.85,0.13,38.94,164.1,4.142,0.0617,0.461,12 10? ,29.9 10^-6 ,8.50E-01,1.90E-05,,8,THAL-i-em,"Greek: thallos (green twig), for a bright green line in its spectrum.",Soft gray metal that looks like lead.,Sir William Crookes,England,"Found in iron pyrites. Also in crookesite, hutchinsonite and lorandite. Most is recovered from the byproducts of lead and zinc refining.",Its compounds are used in rat and ant poisons. Also for detecting infrared radiation.
Lead,Pb,82,4a,6,0,*,Metal,Carbon,Cubic: Face centered,207.2,2,8,18,32,18,4,0, [Xe] 4f14 5d10 6s2 6p2, 1s2 2s2 2p6 3s2 3p6 3d10 4s2 4p6 4d10 5s2 5p6 4f14 5d10 6s2 6p2,2,4,,,327.502,600.65,1740,2023,2.33,110,1.19 (+2) ,1.81,18.17,715.5,7.4167 V,15.028 V,31.943 V,"4,(2)",11.34,0.13,34.76,177.7,4.799,0.0481,0.353,20 10? ,28.8 10^-6 ,1.40E-01,3.00E-05,1.70E-04,4,LED,Anglo-Saxon: lead; symbol from Latin: plumbum.,"Very soft, highly malleable and ductile, blue-white shiny metal.",Known to the ancients.,Unknown,Found most often in ores called galena or lead sulfide (PbS). Some is found in its native state.,"Used in solder, shielding against radiation and in batteries."
Bismuth,Bi,83,5a,6,1753,265,Metal,Pnictide,Rhombohedral,208.98037,2,8,18,32,18,5,0, [Xe] 4f14 5d10 6s2 6p3, 1s2 2s2 2p6 3s2 3p6 3d10 4s2 4p6 4d10 5s2 5p6 4f14 5d10 6s2 6p3,3,5,,,271.3,544.59,1560 ?5,1837,2.02,110,1.03 (+3) ,1.63,21.3,703.3,7.289 V,16.687 V,25.559 V," (3),5",9.8,0.12,8.38,104.8,11.3,0.00867,0.0787,34 10? ,13.4 10^-6 ,8.50E-03,2.00E-05,,7,BIZ-meth,"German: bisemutum, (white mass), Now spelled wismut.","Hard, brittle, steel-gray metal with a pink tint.",Known to the ancients.,Unknown,It can be found free in nature and in minerals like bismuthine (Bi2O3) and in bismuth ochre (Bi2O3),Main use is in pharmaceuticals and low melting point alloys used as fuses.
Polonium,Po,84,6a,6,1898,120,Metal,Chalcogen,Monoclinic,-208.9824,2,8,18,32,18,6,0, [Xe] 4f14 5d10 6s2 6p4, 1s2 2s2 2p6 3s2 3p6 3d10 4s2 4p6 4d10 5s2 5p6 4f14 5d10 6s2 6p4,4,2,6,,254,527,962,1235,2,180,--,1.53,22.23,812,8.4167 V,--,--," (4),2",9.4,0.12,,--,--,0.0219,0.2,26 10? ,23 10^-6 ,2.00E-10,1.40E-14,,8,peh-LOW-ni-em,"Named for Poland, native country of Marie Curie.","Silvery-gray, extremely rare, radioactive metal.",Pierre and Marie Curie,France,Occurs in pitchblende from decay of bismuth.,"Used in industrial equipment that eliminates static electricity caused by such processes as rolling paper, wire, and sheet metal."
Astatine,At,85,7a,6,1940,78,Halogen,Halogen,Unknown,-209.9871,2,8,18,32,18,7,0, [Xe] 4f14 5d10 6s2 6p5, 1s2 2s2 2p6 3s2 3p6 3d10 4s2 4p6 4d10 5s2 5p6 4f14 5d10 6s2 6p5,1,3,5,7,302,575,337,610,2.2,270,--,1.43,--,,9.5 V,--,--," (?1),3,5,7",--,--,,--,--,--,0.017,--,--,,,,8,AS-teh-teen,Greek: astatos (unstable).,"Unstable, radioactive member of the halogen group.","D.R.Corson, K.R.MacKenzie, E.Segr?",United States,Does not occur in nature. Similar to iodine. Produced by bombarding bismuth with alpha particles.,Since its isotopes have such short half-lives there are no commercially significant compounds of astatine.
Radon,Rn,86,8a,6,1900,118,Noble Gas,Noble gas,Cubic: Face centered,-222.0176,2,8,18,32,18,8,0, [Xe] 4f14 5d10 6s2 6p6, 1s2 2s2 2p6 3s2 3p6 3d10 4s2 4p6 4d10 5s2 5p6 4f14 5d10 6s2 6p6,0,2,,,-71,202,-61.8,211.4,0,-41,--,1.34,50.5,1037,10.7485 V,--,--,0,0.00973,0.09,,16.4,2.89,--,0.0000364,--,--,4.00E-13,6.00E-16,,5,RAY-don,"Variation of the name of another element, radium.","Colorless, odorless, tasteless, radioactive, heavy, noble gas.",Fredrich Ernst Dorn,Germany,Formed from the decay of radium in the earths crust.,Used to treat some forms of cancer.
Francium,Fr,87,1a,7,1939,79,Alkali Metal,Alkali Metal,Cubic: Body centered,-223.0197,2,8,18,32,18,8,1, [Rn] 7s1, 1s2 2s2 2p6 3s2 3p6 3d10 4s2 4p6 4d10 5s2 5p6 4f14 5d10 6s2 6p6 7s1,1,,,,27,300,677,950,0.7,44,--,--,--,,--,--,--,1,--,--,,--,--,0.03,0.15,2 10? ,--,,,,8,FRAN-si-em,"Named for France, the nation of its discovery.","Highly rare and unstable, radioactive metal.",Marguerite Derey,France,Formed by decay of actinium. Chemical properties similar to cesium. Decays to radium or astatine.,Since its isotopes have such short half-lives there are no commercially significant compounds of francium.
Radium,Ra,88,2a,7,1898,120,Alkali Earth Metal,Alkaline Earth,Cubic: Body centered,-226.0254,2,8,18,32,18,8,2, [Rn] 7s2, 1s2 2s2 2p6 3s2 3p6 3d10 4s2 4p6 4d10 5s2 5p6 4f14 5d10 6s2 6p6 7s2,2,,,,700,973,1140,1413,0.9,,1.62 (+2) ,--,45.2,509.3,5.2789 V,10.148 V,--,2,5,0.12,,--,--,--,0.186,16 10? ,8 10^-6 ,9.00E-07,8.90E-11,,6,RAY-di-em,Latin: radius (ray).,Silvery-white metal. Intensely radioactive.,Pierre and Marie Curie,France,Found in uranium ores at 1 part per 3 million parts uranium.,Used in treating cancer because of the gamma rays it gives off.
Actinium,Ac,89,3b,7,1899,119,Transition Metal,Rare Earth,Cubic: Face centered,-227.0278,2,8,18,32,18,9,2, [Rn] 6d1 7s2, 1s2 2s2 2p6 3s2 3p6 3d10 4s2 4p6 4d10 5s2 5p6 4f14 5d10 6s2 6p6 6d1 7s2,3,,,,1050,1324,3200 (?300),3470,1.1,,--,--,22.54,498.8,5.17 V,12.126 V,--,3,10.07,--,,--,--,--,0.12,34 10? ,--,5.50E-10,,,8,ak-TIN-i-em,"Greek: akis, aktinos (ray).","Heavy, silvery-white, very radioactive metal",Andr? Debierne,France,"Extremely rare, found in all uranium ores. Usually obtained by treating radium with neutrons in a reactor.",It has no significant commercial applications.
Thorium,Th,90,,7,1828,190,Rare Earth,Rare Earth,Cubic: Face centered,232.0381,2,8,18,32,18,10,2, [Rn] 6d2 7s2, 1s2 2s2 2p6 3s2 3p6 3d10 4s2 4p6 4d10 5s2 5p6 4f14 5d10 6s2 6p6 6d2 7s2,4,,,,1750,2028,4000,5060,1.3,,1.05 (+4) ,--,19.9,587,6.08 V,11.504 V,20.003 V,4,11.7,0.12,,514.4,16.1,0.0653,0.54,73 10? ,11.0 10^-6 ,9.60E+00,1.00E-06,,7,THOR-i-em,"Named for Thor, Norse god of thunder.","Heavy, gray, soft, malleable, ductile, radioactive metal.",J?ns Berzelius,Sweden,Found in various minerals like monazite and thorite.,"Used in making strong alloys. Also in ultraviolet photoelectric cells. It is a common ingredient in high-quality lenses. Bombarded with neutrons make uranium-233, a nuclear fuel."
Protactinium,Pa,91,,7,1913,105,Rare Earth,Rare Earth,Orthorhombic,231.03588,2,8,18,32,20,9,2, [Rn] 5f2 6d1 7s2, 1s2 2s2 2p6 3s2 3p6 3d10 4s2 4p6 4d10 5s2 5p6 4f14 5d10 6s2 6p6 5f2 6d1 7s2,5,4,,,1600,1845,--,4300,1.5,,--,--,15,568,5.89 V,--,--," (5),4",15.4,0.12,,--,12.3,0.0529,0.47,100 10? ,9.7 10^-6 ,1.40E-06,5.00E-11,,12,PRO-tak-tin-eh-em,Greek: proto and actinium (parent of actinium); it forms actinium when it radioactively decays.,"Very rare, silvery-white, extremely radioactive metal.","Fredrich Soddy, John Cranston, Otto Hahn, Lise Meitner",England/France,"Does not occur in nature. Found among fission products of uranium, thorium, and plutonium.",It has no significant commercial applications.
Uranium,U,92,,7,1789,229,Rare Earth,Rare Earth,Orthorhombic,238.0289,2,8,18,32,21,9,2, [Rn] 5f3 6d1 7s2, 1s2 2s2 2p6 3s2 3p6 3d10 4s2 4p6 4d10 5s2 5p6 4f14 5d10 6s2 6p6 5f3 6d1 7s2,6,5,4,3,1132,1408,3818,4407,1.38,,.81 (+6) ,--,12.59,584,6.1941 V,--,--," (6),5,4,3",18.9,0.12,26.8,477,8.52,0.038,0.276,186 10? ,13.9 10^-6 ,2.70E+00,3.20E-03,1.00E-07,7,yoo-RAY-ni-em,Named for the planet Uranus.,"Silvery-white, dense, ductile, malleable, radioactive metal.",Martin Klaproth,Germany,"Occurs in many rocks, but in large amounts only in such minerals as pitchblende and carnotite.",For many centuries it was used as a pigment for glass. Now it is used as a fuel in nuclear reactors and in bombs.
Neptunium,Np,93,,7,1940,78,Rare Earth,Rare Earth,Orthorhombic,-237.0482,2,8,18,32,22,9,2, [Rn] 5f4 6d1 7s2, 1s2 2s2 2p6 3s2 3p6 3d10 4s2 4p6 4d10 5s2 5p6 4f14 5d10 6s2 6p6 5f4 6d1 7s2,5,6,4,3,640,912,3902,4175,1.36,,--,--,11.62,597,6.2657 V,--,--,"6,(5),4,3",20.45,0.12,,--,5.19,0.00822,0.063,900 10? ,28 10^-6 ,,,,9,nep-TOO-ni-em,Named for the planet Neptune.,"Rare, silvery radioactive metal.","E.M. McMillan, P.H. Abelson",United States,Produced by bombarding uranium with slow neutrons.,It has no significant commercial applications.
Plutonium,Pu,94,,7,1940,78,Rare Earth,Rare Earth,Monoclinic,-244.0642,2,8,18,32,24,8,2, [Rn] 5f6 7s2, 1s2 2s2 2p6 3s2 3p6 3d10 4s2 4p6 4d10 5s2 5p6 4f14 5d10 6s2 6p6 5f6 7s2,4,6,5,3,641,913,3232,3505,1.28,,--,--,12.32,585,6.06 V,--,--,"6,5,(4),3",19.8,0.13,,344,2.84,0.00666,0.0674,97 10? ,46.7 10^-6 ,,,,9,ploo-TOE-ni-em,Named for the planet Pluto.,"Silvery-white, extremely radioactive artificially produced metal.","G.T.Seaborg, J.W.Kennedy, E.M.McMillan, A.C.Wohl",United States,Found rarely in some uranium ores. Made by bombarding uranium with neutrons.,Used in bombs and reactors. Small quantities are used in thermo-electric generators.
Americium,Am,95,,7,1944,74,Rare Earth,Rare Earth,Hexagonal,-243.0614,2,8,18,32,25,8,2, [Rn] 5f7 7s2, 1s2 2s2 2p6 3s2 3p6 3d10 4s2 4p6 4d10 5s2 5p6 4f14 5d10 6s2 6p6 5f7 7s2,3,6,5,4,994,1449,2607,2880,1.3,,--,--,17.86,578.2,5.993 V,--,--,"6,5,4,(3)",13.6,0.11,,--,14.4,0.022,0.1,--,7.1 10^-6 ,,,,9,am-er-ISH-i-em,"Named for the American continent, by analogy with europium.","Silvery-white, artificially produced radioactive metal.","G.T.Seaborg, R.A.James, L.O.Morgan, A.Ghiorso",United States,Produced by bombarding plutonium with neutrons.,Americium-241 is currently used in smoke detectors.
Curium,Cm,96,,7,1944,74,Rare Earth,Rare Earth,Hexagonal,-247.0703,2,8,18,32,25,9,2, [Rn] 5f7 6d1 7s2, 1s2 2s2 2p6 3s2 3p6 3d10 4s2 4p6 4d10 5s2 5p6 4f14 5d10 6s2 6p6 5f7 6d1 7s2,3,,,,1340,1620,--,,1.3,,--,--,18.28,581,6.02 V,--,--," (3),4",13.5,--,,--,15,--,0.1,--,--,,,,6,KYOOR-i-em,Named in honor of Pierre and Marie Curie.,"Silvery, malleable, synthetic radioactive metal.","G.T.Seaborg, R.A.James, A.Ghiorso",United States,Made by bombarding plutonium with helium ions. So radioactive it glows in the dark.,It has no significant commercial applications.
Berkelium,Bk,97,,7,1949,69,Rare Earth,Rare Earth,Unknown,-247.0703,2,8,18,32,26,9,2, [Rn] 5f9 7s2, 1s2 2s2 2p6 3s2 3p6 3d10 4s2 4p6 4d10 5s2 5p6 4f14 5d10 6s2 6p6 5f9 7s2,3,4,,,--,1620,--,,1.3,,--,--,--,601,6.23 V,--,--,"4,(3)",--,--,,--,--,--,0.1,--,--,,,,9,BURK-li-em,"Named after Berkeley, California the city of its discovery.",Synthetic radioactive metal.,"G.T.Seaborg, S.G.Tompson, A.Ghiorso",United States,Some compounds have been made and studied. Made by bombarding americium with alpha particles.,It has no significant commercial applications.
Californium,Cf,98,,7,1950,68,Rare Earth,Rare Earth,Unknown,-251.0796,2,8,18,32,28,8,2, [Rn] 5f10 7s2, 1s2 2s2 2p6 3s2 3p6 3d10 4s2 4p6 4d10 5s2 5p6 4f14 5d10 6s2 6p6 5f10 7s2,,,,,--,1170,--,,1.3,,--,--,--,608,6.30 V,--,--,"4,(3)",--,--,,--,--,--,0.1,--,--,,,,11,kal-eh-FOR-ni-em,Named after the state and University of California.,Synthetic radioactive metal. Powerful neutron emitter.,"G.T.Seaborg, S.G.Tompson, A.Ghiorso, K.Street Jr.",United States,Made by bombarding curium with helium ions.,It has no significant commercial applications.
Einsteinium,Es,99,,7,1952,66,Rare Earth,Rare Earth,Unknown,-252.083,2,8,18,32,29,8,2, [Rn] 5f11 7s2, 1s2 2s2 2p6 3s2 3p6 3d10 4s2 4p6 4d10 5s2 5p6 4f14 5d10 6s2 6p6 5f11 7s2,3,,,,--,1170,--,,1.3,,--,--,--,619,6.42 V,--,--," (2),3",--,--,,--,--,--,0.1,--,--,,,,11,ine-STINE-i-em,Named in honor of the scientist Albert Einstein.,Synthetic radioactive metal.,"Argonne, Los Alamos, U of Calif",United States,Made by bombarding uranium with neutrons.,It has no significant commercial applications.
Fermium,Fm,100,,7,1952,66,Rare Earth,Rare Earth,Unknown,-257.0951,2,8,18,32,30,8,2, [Rn] 5f12 7s2, 1s2 2s2 2p6 3s2 3p6 3d10 4s2 4p6 4d10 5s2 5p6 4f14 5d10 6s2 6p6 5f12 7s2,3,,,,--,1130,--,,1.3,,--,--,--,627,6.50 V,--,--,3,--,--,,--,--,--,0.1,--,--,,,,7,FER-mi-em,Named in honor of the scientist Enrico Fermi.,Synthetic radioactive metal.,"Argonne, Los Alamos, U of Calif",United States,Produced by bombarding lighter transuranium elements with still lighter particles or by neutron capture.,It has no significant commercial applications.
Mendelevium,Md,101,,7,1955,63,Rare Earth,Rare Earth,Unknown,-258.0984,2,8,18,32,31,8,2, [Rn] 5f13 7s2, 1s2 2s2 2p6 3s2 3p6 3d10 4s2 4p6 4d10 5s2 5p6 4f14 5d10 6s2 6p6 5f13 7s2,3,,,,--,1800,--,,1.3,,--,--,--,635,6.58 V,--,--,"2,3",--,--,,--,--,--,0.1,--,--,,,,11,men-deh-LEE-vi-em,"Named in honor of the scientist Dmitri Ivanovitch Mendeleyev, who devised the periodic table.",Synthetic radioactive metal.,"G.T.Seaborg, S.G.Tompson, A.Ghiorso, K.Street Jr.",United States,Made by bombarding einsteinium with helium ions.,It has no significant commercial applications.
Nobelium,No,102,,7,1958,60,Rare Earth,Rare Earth,Unknown,-259.1011,2,8,18,32,32,8,2, [Rn] 5f14 7s2, 1s2 2s2 2p6 3s2 3p6 3d10 4s2 4p6 4d10 5s2 5p6 4f14 5d10 6s2 6p6 5f14 7s2,3,2,,,--,1100,--,,1.3,,--,--,--,642,6.65 V,--,--,"2,3",--,--,,--,--,--,0.1,--,--,,,,8,no-BELL-i-em,"Named in honor of Alfred Nobel, who invented dynamite and founded Nobel prize.",Synthetic radioactive metal.,Nobel Institute for Physics,Sweden,Made by bombarding curium with carbon-13,It has no significant commercial applications.
Lawrencium,Lr,103,,7,1961,57,Rare Earth,Rare Earth,Unknown,-262.1098,2,8,18,32,32,9,2, [Rn] 5f14 6d1 7s2, 1s2 2s2 2p6 3s2 3p6 3d10 4s2 4p6 4d10 5s2 5p6 4f14 5d10 6s2 6p6 5f14 6d1 7s2,3,,,,--,1900,--,,--,,--,--,--,,--,--,--,3,--,--,,--,--,--,0.1,--,--,,,,10,lor-ENS-i-em,"Named in honor of Ernest O. Lawrence, inventor of the cyclotron.",Synthetic radioactive metal.,"A.Ghiorso, T.Sikkeland, A.E.Larsh, R.M.Latimer",United States,Produced by bombarding californium with boron ions.,It has no significant commercial applications.
Rutherfordium,Rf,104,4b,7,1964,54,Transition Metal,Transition Metal,Unknown,-261.1089,2,8,18,32,32,10,2, [Rn] 5f14 6d2 7s2, 1s2 2s2 2p6 3s2 3p6 3d10 4s2 4p6 4d10 5s2 5p6 4f14 5d10 6s2 6p6 5f14 6d2 7s2,,,,,--,,--,,--,,--,--,--,,--,--,--,4,--,--,,--,--,--,0.23,--,--,,,,13,ruth-er-FORD-i-em,Named in honor of Ernest Rutherford,Synthetic radioactive metal.,"A. Ghiorso, et al",United States,"Made by bombarding californium-249 with beams of carbon-12 and 13, which produced an isotope with half lives of 4+ and 3 sec.",It has no significant commercial applications.
Hahnium,Ha,105,5b,7,1967,51,Transition Metal,Transition Metal,Unknown,-262.1144,2,8,18,32,32,11,2, [Rn] 5f14 6d3 7s2, 1s2 2s2 2p6 3s2 3p6 3d10 4s2 4p6 4d10 5s2 5p6 4f14 5d10 6s2 6p6 5f14 6d3 7s2,,,,,--,,--,,--,,--,--,--,,--,--,--,--,--,--,,--,--,--,0.58,--,--,,,,7,HA-ni-em,Named in honor of Otto Hahn,Synthetic radioactive metal.,"A. Ghiorso, et al",United States,Made by bombarding californium-249 with a beam of nitrogen-15,It has no significant commercial applications.
Seaborgium,Sg,106,6b,7,1974,44,Transition Metal,Transition Metal,Unknown,-263.1186,2,8,18,32,32,12,2, [Rn] 5f14 6d4 7s2, 1s2 2s2 2p6 3s2 3p6 3d10 4s2 4p6 4d10 5s2 5p6 4f14 5d10 6s2 6p6 5f14 6d4 7s2,,,,,--,,--,,--,,--,--,--,,--,--,--,--,--,--,--,--,--,--,--,--,--,,,,10,"Named in honor of Glenn Seaborg, American physical chemist known for research on transuranium elements.",Synthetic radioactive metal.,Soviet Nuclear Research/ U. of Cal at Berkeley,1974,Made by bombarding californium-249 with oxygen-18.,It has no significant commercial applications.,
Nielsbohrium,Ns,107,,,1976,42,Transition Metal,Transition Metal,Unknown,-262.1231,2,8,18,32,32,13,2, [Rn] 5f14 6d5 7s2, 1s2 2s2 2p6 3s2 3p6 3d10 4s2 4p6 4d10 5s2 5p6 4f14 5d10 6s2 6p6 5f14 6d5 7s2,,,,,--,,--,,--,--,--,--,--,,--,--,--,--,--,--,--,--,--,--,--,--,,,,,12,Synthetic radioactive metal.,Heavy Ion Research Laboratory (HIRL),1976,Germany,It has no significant commercial applications.,,
Hessium,Hs,108,,,0,,Transition Metal,Transition Metal,Unknown,-265.1306,2,8,18,32,32,14,2, [Rn] 5f14 6d6 7s2, 1s2 2s2 2p6 3s2 3p6 3d10 4s2 4p6 4d10 5s2 5p6 4f14 5d10 6s2 6p6 5f14 6d6 7s2,,,,,--,,--,,--,--,--,--,--,,--,--,--,--,--,--,--,--,--,--,--,--,,,,,7,Synthetic radioactive metal.,Heavy Ion Research Laboratory (HIRL),1984,Germany,It has no significant commercial applications.,,
Mietnerium,Mt,109,,,1982,36,Transition Metal,Transition Metal,Unknown,-266.1378,2,8,18,32,32,15,2, [Rn] 5f14 6d7 7s2, 1s2 2s2 2p6 3s2 3p6 3d10 4s2 4p6 4d10 5s2 5p6 4f14 5d10 6s2 6p6 5f14 6d7 7s2,,,,,--,,--,,--,--,--,--,--,,--,--,--,--,--,--,--,--,--,--,--,--,,,,,10,Synthetic radioactive metal.,Heavy Ion Research Laboratory (HIRL),1982,Germany,It has no significant commercial applications.,,
Darmstadtium,Ds,110,,,0,,Transition Metal,Transition Metal,Unknown,-268,2,8,18,32,32,16,2, [Rn] 5f14 6d9 7s1, 1s2 2s2 2p6 3s2 3p6 3d10 4s2 4p6 4d10 5s2 5p6 4f14 5d10 6s2 6p6 5f14 6d9 7s1,,,,,--,,--,,--,--,--,--,--,,--,--,--,--,--,--,--,--,--,--,--,--,,,,,12,Synthetic radioactive metal.,Heavy Ion Research Laboratory (HIRL),1994,Germany,It has no significant commercial applications.,,
Roentgenium,Rg,111,,,0,,Transition Metal,,Unknown,-269,2,8,18,32,32,17,2, [Rn] 5f14 6d10 7s1, 1s2 2s2 2p6 3s2 3p6 3d10 4s2 4p6 4d10 5s2 5p6 4f14 5d10 6s2 6p6 5f14 6d10 7s1,,,,,--,,--,,--,--,--,--,--,,--,--,--,--,--,--,--,--,--,--,--,--,,,,,11,Synthetic radioactive metal.,Heavy Ion Research Laboratory (HIRL),1994,Germany,It has no significant commercial applications.,,
